Name,Index Year,Overall Score,Property Rights,Judicial Effectiveness,Government Integrity,Tax Burden,Government Spending,Fiscal Health,Business Freedom,Labor Freedom,Monetary Freedom,Trade Freedom,Investment Freedom,Financial Freedom
Afghanistan,2019,51.5,19.6,29.6,25.2,91.7,80.3,99.3,49.2,60.4,76.7,66,10,10
Albania,2019,66.5,54.8,30.6,40.4,86.3,73.9,80.6,69.3,52.7,81.5,87.8,70,70
Algeria,2019,46.2,31.6,36.2,28.9,76.4,48.7,18.7,61.6,49.9,74.9,67.4,30,30
Angola,2019,50.6,35.9,26.6,20.5,83.9,80.7,58.2,55.7,58.8,55.4,61.2,30,40
Argentina,2019,52.2,47.8,44.5,33.5,69.3,49.5,33,56.4,46.9,60.2,70,55,60
Armenia,2019,67.7,57.2,46.3,38.6,84.7,79,53,78.3,71.4,77.8,80.8,75,70
Australia,2019,80.9,79.1,86.5,79.9,62.8,60.1,86.2,88.3,84.1,86.6,87.6,80,90
Austria,2019,72,84.2,71.3,77.4,50.5,24.5,85.5,74.9,68.7,81.5,86,90,70
Azerbaijan,2019,65.4,59.1,53.1,44.7,87.5,59.5,89.4,69.5,63.9,63,74.6,60,60
Bahrain,2019,66.4,63.5,50.7,53.6,99.7,62.7,3.7,71.4,71.1,81.6,83.8,75,80
Bangladesh ,2019,55.6,36.1,34.5,24.4,72.7,94.5,77.6,50.9,68.2,69.9,63.6,45,30
Barbados,2019,64.7,52.9,59.9,53.8,70.1,65,79.5,69.8,59.9,78.3,56.6,70,60
Belarus,2019,57.9,55.2,51.7,37.7,89.4,41.3,85.4,75,75.3,67,76.4,30,10
Belgium,2019,67.3,81.3,61.6,72.5,47.1,15.2,73.4,78.1,61,76.1,86,85,70
Belize,2019,55.4,41.7,46.9,27.2,79.9,65.9,39.1,61.8,54.8,78.7,64,55,50
Benin,2019,55.3,37.2,32.8,28.1,69.3,83.4,27.9,62.4,53.8,86.4,61.8,70,50
Bhutan,2019,62.9,62.5,55.4,54.5,83,71.6,77.6,68.7,79.5,72.6,79.4,20,30
Bolivia,2019,42.3,20.5,12.3,19.7,82.4,49.3,17.6,58.8,52.9,68.8,70.4,15,40
Bosnia and Herzegovina,2019,61.9,40.2,37.9,30.2,84.3,46.1,96.6,49.7,67,83.1,82.6,65,60
Botswana,2019,69.5,58.1,45.7,52.4,82.7,65.9,94.6,68.7,68.2,78.8,83.8,65,70
Brazil,2019,51.9,57.3,51.7,28.1,70.5,55.2,5.9,57.9,51.9,75.5,69,50,50
Brunei Darussalam,2019,65.1,64,56,43.7,90.7,59.9,20,80.2,90.8,76.5,84,65,50
Bulgaria,2019,69,62.5,41.9,35.1,90.2,63.9,98.8,62.7,68.4,88,86,70,60
Burkina Faso,2019,59.4,49.1,42.9,36.6,81.9,80,61.8,51.6,52.3,86.2,65.2,65,40
Burma,2019,53.6,34.7,18.1,30.6,86.6,85.4,78.3,52.8,65.7,69.6,70.8,30,20
Burundi,2019,48.9,20.6,31,26.2,74,83.3,23.3,50.3,67.5,62.2,68.2,50,30
Cabo Verde,2019,63.1,44.1,49,43.7,76.4,71.2,59.7,65.2,55.7,84.1,68.2,80,60
Cambodia,2019,57.8,37.4,27.6,16.7,89.7,85.9,89.1,29.9,63,79.4,65.4,60,50
Cameroon,2019,52.4,42.5,31.3,25.5,74.4,87.5,58.4,44.4,47.8,84,53.4,30,50
Canada,2019,77.7,87,69.4,84.6,76.8,51.3,83.1,81.9,73.7,77.2,86.8,80,80
Central African Republic,2019,49.1,19.6,29.6,23.2,65.2,94.2,94.3,24.2,40.1,72.3,51,45,30
Chad,2019,49.9,26.7,24.6,23.2,46.1,92.4,85.2,28.1,43.2,82.3,47.2,60,40
Chile,2019,75.4,68.7,56.3,62.3,77.3,81,89,76.6,65,84.5,88.8,85,70
China,2019,58.4,49.9,75.2,49.1,70.4,70.1,76,56.2,64.2,71.9,73,25,20
Colombia,2019,67.3,59.2,34.3,33.5,74.3,75,79.2,71.4,78.5,75.6,76,80,70
Comoros,2019,55.4,36.5,29.6,24.4,63.9,73.4,91.7,57.2,60.3,82.8,70,45,30
Costa Rica ,2019,65.3,58.3,54,54.5,79.2,88.4,42.5,67.2,55.2,83.2,81.4,70,50
Côte d'Ivoire ,2019,62.4,40.9,47.8,38.1,77.5,83.9,74.3,61,52.5,74.2,73.6,75,50
Croatia,2019,61.4,66,42.9,38.6,66.4,33.4,85.4,60.7,44,78.5,86,75,60
Cuba,2019,27.8,31.6,10,37.7,48.8,0,15.6,20,20,65.6,64,10,10
Cyprus,2019,68.1,73.1,48.1,43.7,74.9,55.2,80.3,76.9,59.5,84,86,75,60
Czech Republic,2019,73.7,74.8,47.6,52.1,82.6,52.1,97.6,72.4,78.1,81.5,86,80,80
Democratic Republic of Congo,2019,50.3,25.3,30.7,26.2,73.8,93.9,96.9,53.2,41.9,49.1,62.6,30,20
Denmark,2019,76.7,86.2,77.8,85.8,42,14.4,96.7,90.7,86.4,84.1,86,90,80
Djibouti,2019,47.1,29.7,18.1,28.1,76.2,27.3,18.1,54.7,60.4,72.7,50.4,80,50
Dominica,2019,63.6,49.2,63.8,54.5,72.1,53.5,84.7,70.7,60.4,85.7,68.2,70,30
Dominican Republic,2019,61,50.6,18.1,23.2,84.6,90.3,89.9,51.9,57.6,79.7,75.8,70,40
Ecuador,2019,46.9,35.9,20.2,25.3,77,55.5,32.1,54.1,48.2,73.5,66.4,35,40
Egypt,2019,52.5,37,48.3,29.2,85.2,68.1,0,65.9,51.6,62.3,71.8,60,50
El Salvador ,2019,61.8,37.6,29.1,23.4,78.1,86.3,81.9,57.2,53.1,79,81.4,75,60
Equatorial Guinea,2019,41,29.7,18.1,15.8,71.3,67.6,16.4,37.6,32.7,83.7,48.8,40,30
Eritrea,2019,38.9,35.5,18.1,19.7,81.4,73.9,0,17.7,70,61,69.2,0,20
Estonia,2019,76.6,81.5,76,73.1,79.9,51.1,99.8,75.3,57.2,79.6,86,90,70
Eswatini,2019,54.7,41.7,42.9,35,74.8,65.6,18.3,59.2,67.5,73.7,87.6,50,40
Ethiopia,2019,53.6,32.6,40.9,35.1,77.2,90.4,83.3,48.6,58,60.8,60.8,35,20
Fiji,2019,62.2,67.3,42.9,23.4,81.1,71.7,82.4,63,72.9,73.5,62.8,55,50
Finland,2019,74.9,89.6,81.2,92.5,66.8,7.2,86.4,89.4,50.3,84.8,86,85,80
France,2019,63.8,82.5,66.1,67.9,48.4,3.9,64.9,81.2,45.2,79.1,81,75,70
Gabon,2019,56.3,28.1,30.6,35.5,75.8,86.6,82.1,52.1,53,80,51.2,60,40
Georgia,2019,75.9,65.9,54.6,58.5,87.1,73.6,93.9,85.8,76.6,76,88.6,80,70
Germany,2019,73.5,79.9,75.4,81.3,60.8,42.3,91.8,83.3,52.8,77.9,86,80,70
Ghana,2019,57.5,49.1,44.2,35.5,78.8,82,23.9,56.5,59.9,66.3,63.4,70,60
Greece,2019,57.7,52.4,49.5,37.7,59.1,23.3,79,74.1,52.5,79.1,81,55,50
Guatemala ,2019,62.6,40.3,32.3,26.4,79.2,95.6,96.2,53.6,48.7,77,82.2,70,50
Guinea,2019,55.7,34.7,32.6,25.5,69.4,89.8,87.2,54.6,54.9,66.4,63.2,50,40
Guinea-Bissau,2019,54,32.6,42.9,25.3,88.8,86.7,81.4,35.9,61.2,78.1,55.6,30,30
Guyana,2019,56.8,41.7,42.9,33.2,67,69.4,77.6,59.3,62,76.9,66.8,55,30
Haiti,2019,52.7,10.4,25.3,20.3,79.9,88.3,95.9,36.2,62.6,66.5,72,45,30
Honduras ,2019,60.2,43.4,31,25.3,82.8,78.2,95.9,56.9,32,73,79.4,65,60
Hong Kong,2019,90.2,93.3,75.3,83.8,93.1,90.3,100,96.4,89.2,86.4,95,90,90
Hungary ,2019,65,60.9,45.2,35.3,78.6,31.7,85,61.1,64.7,81.8,86,80,70
Iceland,2019,77.1,87.4,63.8,83.8,72.7,44,96.7,88.4,64.1,81.7,87,85,70
India,2019,55.2,57.3,61.6,47.8,79.4,77.3,14.7,57.1,41.8,72.4,72.4,40,40
Indonesia,2019,65.8,52.2,53.5,39.5,83.7,91.4,88.1,69.3,49.3,77.4,79.8,45,60
Iran,2019,51.1,33.5,41.3,35,80.9,89.8,89.5,62.2,50.7,60.1,54.6,5,10
Iraq,2019,N/A,37,12.3,20.3,N/A,52.8,13.3,54.4,53.1,81.4,N/A,N/A,N/A
Ireland,2019,80.5,85.8,68.4,78,76.3,77.4,89,83.1,75.3,87,86,90,70
Israel,2019,72.8,80,73.4,67.9,61.9,52.4,85.3,71.4,65.1,86.2,84.4,75,70
Italy,2019,62.2,71.7,49.8,43.7,55.6,26.5,71.3,71.7,51.1,84,86,85,50
Jamaica ,2019,68.6,60.7,49.2,45,80.2,76,80,78,73.6,82.6,68.4,80,50
Japan,2019,72.1,84.1,68.5,78,68.2,55,55.7,80.5,79,85.9,80,70,60
Jordan,2019,66.5,58.4,52.6,50.3,91.4,73.4,60.6,61.8,52.7,85,81.4,70,60
Kazakhstan,2019,65.4,59.3,56.1,40.3,93.4,83.7,41,73.9,86.2,70.9,80,50,50
Kenya,2019,55.1,53.8,46.9,32.1,79.5,77.8,13.8,55.8,63.4,72.7,60.4,55,50
Kiribati,2019,47.3,44.1,34.3,35.1,73,0,98.6,41.9,50.7,81.1,53.2,25,30
Kosovo,2019,67,57.2,53.5,44.7,92.5,77.7,96,73.8,64.9,78.3,70.8,65,30
Kuwait,2019,60.8,52.9,43.3,35.3,97.7,17.3,99.1,57.4,61.7,70.6,79,55,60
Kyrgyz Republic ,2019,62.3,49.9,27.9,27.2,94.1,54.2,78.4,73.4,79.8,74.4,78.6,60,50
Laos,2019,57.4,38.8,42.5,33.5,86.9,85.3,66.5,60.1,60.1,78.5,81.8,35,20
Latvia,2019,70.4,67.3,48.4,35.5,77,57.1,96.9,77.5,73.3,81.1,86,85,60
Lebanon,2019,51.1,39.5,26.6,18.2,91.8,75.6,0,47.9,46.5,78.1,79,60,50
Lesotho,2019,53.1,41.5,45.7,30.9,59.4,33,63.5,53.3,58.8,75,81,55,40
Liberia,2019,49.7,26.7,39,24.2,82.7,62.1,69.1,50.6,38.3,68.9,60.1,55,20
Libya,2019,N/A,7.6,24.4,15.8,N/A,0,20,40.2,51.3,52.8,N/A,5,N/A
Liechtenstein,2019,N/A,N/A,N/A,N/A,N/A,N/A,N/A,N/A,N/A,N/A,N/A,85,80
Lithuania,2019,74.2,73.6,61.2,47.8,86.4,65.1,97.3,75.2,63.6,84.6,86,80,70
Luxembourg,2019,75.9,83,72.4,85.8,65.4,46.6,98.9,68.8,45.9,82.6,86,95,80
Macau,2019,71,60,60,33.2,77.1,90.4,100,60,50,76.5,90,85,70
Madagascar,2019,56.6,33.2,24.4,14.3,91,91.8,85.5,47.3,44.6,72.4,69.2,55,50
Malawi,2019,51.4,35.8,40.1,25.2,79.8,70.3,19.1,41.7,64,65.5,75.4,50,50
Malaysia ,2019,74,84.1,68.2,55.4,85.6,83.2,82.4,83.9,74.4,78.6,82,60,50
Maldives,2019,53.2,43.9,36.4,33.5,95.8,60.8,10.7,78.3,70.8,81,62.6,35,30
Mali,2019,58.1,33.7,33.4,29.6,68.7,85.4,84.2,53.8,52.2,81.6,69.8,65,40
Malta,2019,68.6,69.8,50.4,50.3,64.2,56.1,94.5,67.1,61.3,78.2,86,85,60
Mauritania,2019,55.7,27.5,30.6,30.6,78,74.2,80.6,61.9,51.5,81.2,62.6,50,40
Mauritius,2019,73,69.5,62.1,40.3,92.1,80.3,73.6,79.8,60.8,79.4,88.4,80,70
Mexico,2019,64.7,59.1,34.9,26.3,75.8,78.2,83.2,67.8,58.6,75.9,81.4,75,60
Micronesia,2019,51.9,7.6,26.6,36.6,92.8,0,98.8,57.4,71.9,85.8,80.6,35,30
Moldova,2019,59.1,55.2,29.6,25.4,85.4,59.1,92,67,39,73.5,78,55,50
Mongolia,2019,55.4,48.2,23.8,29.8,88.5,63.1,6.2,66,75,77.8,75.8,50,60
Montenegro,2019,60.5,55.4,51.8,39.5,85.3,32.6,23.2,73.3,73.4,81.6,84.7,75,50
Morocco,2019,62.9,57.2,47.1,39.2,72.2,72.7,66.9,70.3,33.1,83.5,77.4,65,70
Mozambique ,2019,48.6,33.9,35.2,28.1,75.5,66.9,16.6,57.1,42,65.4,78,35,50
Namibia,2019,58.7,55.9,54.7,49.8,66.5,48.9,15.7,65.8,85.1,74.4,83,65,40
Nepal,2019,53.8,39.2,34.7,26.2,84,83.7,98.5,61.8,47.9,69.4,60.4,10,30
Netherlands,2019,76.8,88,74.7,89.1,51.6,42.9,93.3,81.4,60.3,84,86,90,80
New Zealand,2019,84.4,95,83.5,96.7,71,50.4,98.6,91,86.7,87.5,92.4,80,80
Nicaragua ,2019,57.7,33.4,18.7,20.3,76.9,79.1,93.9,56,55.8,72.7,76,60,50
Niger,2019,51.6,37.2,31,34.1,76.9,75.6,22.2,56.3,48.2,76.7,65.8,55,40
Nigeria,2019,57.3,36.5,34.3,20.5,85,96.5,68.2,51.2,83.3,65,62.4,45,40
North Korea,2019,5.9,31.6,5,24.4,0,0,0,5,5,0,0,0,0
North Macedonia,2019,71.1,65.1,60.7,44.7,91.8,70,82.9,80.2,71.5,78.7,82,65,60
Norway,2019,73,86.1,81.2,92.3,57.4,25.3,97.3,89.4,53.7,75.4,83.2,75,60
Oman,2019,61,58.1,51.6,53.8,97.8,32.5,16.1,75.2,57.3,77.7,87,65,60
Pakistan ,2019,55,41.5,40.2,30.6,80.5,87.6,49.2,56.1,41.8,72.6,64.8,55,40
Panama ,2019,67.2,60.4,30.1,34.1,85,85.3,91.3,73.6,43.4,79.4,79.2,75,70
Papua New Guinea,2019,58.4,37.4,49,37.2,71.8,89.1,75.2,62.2,72.6,70,80.9,25,30
Paraguay ,2019,61.8,39.5,30,25.5,96.3,78.9,96.3,61.5,29.2,72.8,76.6,75,60
Peru,2019,67.8,56.1,34,31.8,80.6,86.1,88.5,67.8,63.5,83.9,86.4,75,60
Philippines,2019,63.8,48.7,36.4,30.9,76.9,88.7,97.1,61.3,57.9,69.6,78.2,60,60
Poland,2019,67.8,62.3,44,49.8,74.9,48.8,86.4,65.4,63.9,82.1,86,80,70
Portugal,2019,65.3,71.5,64.3,59.5,59.9,35.6,69.8,79.7,44.3,83,86,70,60
Qatar,2019,72.6,64.5,60,77.4,99.7,56.8,94,71.2,65.9,78.4,83.2,60,60
Republic of Congo ,2019,39.7,33.2,29.6,25.3,59.5,40.6,0,38.2,35.8,82.6,56.8,45,30
Romania,2019,68.6,66.7,51.9,39.8,89.7,69,89.3,63.1,64.5,82.7,86,70,50
Russia,2019,58.9,52.4,45.1,36.6,89.4,62.3,86.6,78.4,52.5,65.1,77.8,30,30
Rwanda,2019,71.1,72.2,83.2,67.9,79.8,79.4,86.3,56.2,82.2,76.1,70.4,60,40
Saint Lucia,2019,68.7,65.9,63.8,50.3,76.2,79.3,81.3,76.3,69.2,83.9,73.2,65,40
Saint Vincent and the Grenadines,2019,65.8,36.5,63.8,50.5,71.2,74.3,85,76.5,73.5,82.2,66.6,70,40
Samoa,2019,62.2,53.8,31,37.7,79.9,62.3,93.6,77,78.2,83.5,63.8,55,30
São Tomé and Príncipe ,2019,54,37.4,26.6,35.5,87.2,67,62.3,65.1,42.7,70.5,64.2,60,30
Saudi Arabia,2019,60.7,55,62.7,49.8,99.8,57.5,19.4,72.3,63.3,78.1,76,45,50
Senegal,2019,56.3,47.8,40.4,40.3,70.8,73.3,60,53.3,39.4,78.2,72,60,40
Serbia ,2019,63.9,50.1,44.8,37.2,82,45.1,90.1,72.9,67.4,80,77,70,50
Seychelles,2019,61.4,58.2,37.5,39.2,76.3,60.3,92,63.3,63.2,80,81.4,55,30
Sierra Leone,2019,47.5,35.5,34.5,26.2,87.3,84.4,13.2,44.9,29.3,65,69.4,60,20
Singapore,2019,89.4,97.4,92.4,95.1,90.4,90.7,80,90.8,91,85.3,94.8,85,80
Slovakia,2019,65,68.5,37.2,37.7,78.6,46.1,87.2,61.3,53.4,78.6,86,75,70
Slovenia,2019,65.5,76.4,46.5,53.6,58.4,38.3,82.6,79.3,61.2,83.6,86,70,50
Solomon Islands,2019,54.6,49.9,51.7,33.5,65.5,36.5,89.4,68.6,72,86,56.8,15,30
Somalia,2019,N/A,33.7,26.6,7.9,N/A,N/A,N/A,31.7,N/A,N/A,N/A,N/A,N/A
South Africa,2019,58.3,58.8,39.3,39.7,62.1,67.6,62.6,64.3,59.1,75.2,76,45,50
South Korea,2019,72.3,79.3,57.5,50.5,64.2,68.6,96.8,91.3,57.4,82,80.4,70,70
Spain,2019,65.7,72.9,51.4,51.9,62.3,46.2,51.1,66.8,57.8,87.5,86,85,70
Sri Lanka,2019,56.4,44.7,39.4,28.9,84.9,88.3,30.4,75.1,58.8,70.1,76.2,40,40
Sudan,2019,47.7,27.5,22.2,26.2,86.3,96.6,76.1,52.1,59,56.9,45,5,20
Suriname,2019,48.1,49.1,22.2,35.5,70.9,77.2,9.6,48.3,73.5,56,64.6,40,30
Sweden,2019,75.2,89.5,84,88,43.2,26.7,96.6,88,53.9,82,86,85,80
Switzerland,2019,81.9,85.3,82,88,70.5,64.8,96.3,75.4,72.5,85.2,87.4,85,90
Syria,2019,N/A,37,24.4,20.3,N/A,N/A,N/A,49.6,58.2,48.3,47,0,N/A
Taiwan,2019,77.3,85.4,70.1,69.2,75,90.6,91.6,93.2,60.9,84.4,87,60,60
Tajikistan,2019,55.6,47.8,52.1,36.4,91.8,64.6,60.3,67.3,49.2,68.5,73.6,25,30
Tanzania,2019,60.2,35.4,41.4,33.2,80.5,90.3,85.2,46.6,66.2,70.4,67.8,55,50
Thailand ,2019,68.3,53.7,45.9,36.4,81.3,85.8,96.5,82.5,63.9,75.2,83,55,60
The Bahamas,2019,62.9,42.2,46.9,43.7,97.3,86.8,65.7,68.5,67.5,78.1,47.8,50,60
The Gambia,2019,52.4,39.9,42.5,41.2,74.3,70.7,0,54,67.4,62.4,61.6,65,50
Timor-Leste,2019,44.2,29.7,13.1,32.1,96.3,0.9,20,60.5,58.8,79.5,75,45,20
Togo,2019,50.3,35.5,29.6,28.1,67.8,77,24.5,50.4,46.7,79.1,69.4,65,30
Tonga,2019,57.7,59.2,26.6,38.1,85.5,40.9,93.4,75.3,69.9,69.4,73.6,40,20
Trinidad and Tobago,2019,57,52.3,40.6,32.9,82.3,61.9,16.6,67.8,75.6,75.1,68.4,60,50
Tunisia,2019,55.4,49.2,42.7,36.6,74.4,74.4,37.9,76.7,50.3,76,71.4,45,30
Turkey,2019,64.6,55.8,49.8,41.2,76.4,65.1,92.2,66,49.2,70,79.6,70,60
Turkmenistan,2019,48.4,31.6,29.8,20.3,95.9,92,92.3,30,20,73.4,76,10,10
Uganda,2019,59.7,42.2,38.5,25.4,73.3,88.7,68.6,46.3,83.2,80.1,75.4,55,40
Ukraine,2019,52.3,43.9,31.5,29.6,81.8,46.9,82.6,66.1,46.7,58.6,75,35,30
United Arab Emirates,2019,77.6,81.8,87.1,78.8,99.2,68.8,88.9,79.9,81.1,80.9,84.4,40,60
United Kingdom,2019,78.9,92.3,85.9,83.8,64.7,48.2,68.6,92.9,73.5,81.2,86,90,80
United States,2019,76.8,79.3,78.6,77.4,75.1,57.1,53.1,83.8,89.4,76.6,86.6,85,80
Uruguay ,2019,68.6,68.3,58.9,69.2,77.2,67.5,69.9,74.3,71.9,72.9,78.6,85,30
Uzbekistan,2019,53.3,49.8,34.3,25.2,91.3,67.4,98.7,72.5,58.7,58.9,62.6,10,10
Vanuatu,2019,56.4,65.9,36.4,51.9,97.3,54.1,15.3,52.4,58.8,75,64.4,65,40
Venezuela ,2019,25.9,7.6,13.1,7.9,74.7,58.1,17.6,33.9,28,0,60,0,10
Vietnam,2019,55.3,49.8,40.3,34,79.7,74.1,40.7,63.5,62.8,68.9,79.2,30,40
Yemen,2019,N/A,19.6,22.2,20.3,N/A,83.7,0,45.1,49.8,61.5,71.4,50,N/A
Zambia,2019,53.6,45,35.6,32.3,72.3,80.1,12.3,71.1,46,70.3,72.6,55,50
Zimbabwe,2019,40.4,29.7,24.8,15.8,62.3,74.5,23.7,33.4,43.3,72.4,70,25,10
Afghanistan,2018,51.3,17.9,28.2,26.2,91.8,79.3,98.3,53,57.3,77.8,66,10,10
Albania,2018,64.5,54.1,25.4,39.9,85.1,72.7,67.5,69.1,50.4,82.4,87.8,70,70
Algeria,2018,44.7,27.8,35.2,29,74,45.9,19.2,68.1,48.7,69.9,63.5,25,30
Angola,2018,48.6,36,25.4,18.9,82.4,69.1,54.8,58.3,50.9,58.5,59.5,30,40
Argentina,2018,52.3,40.8,44.5,32.6,65.7,55.6,52.6,56.2,43.3,51.3,70.3,55,60
Armenia,2018,68.7,55.3,47.4,40.5,84.7,80,67.2,78.7,69.9,75.8,80,75,70
Australia,2018,80.9,78.7,93.4,77.4,63,61.2,84.3,89.1,79.7,87.4,86.2,80,90
Austria,2018,71.8,83.5,80.9,73.5,49.9,19.4,81.1,75.5,66.7,83.7,86.9,90,70
Azerbaijan,2018,64.3,53.6,36.8,39.9,87.5,59.4,95.5,72.3,71.9,65.6,74.6,55,60
Bahrain,2018,67.7,62.1,55.1,51.8,99.9,66.4,6.5,75.5,76.5,79.9,83.4,75,80
Bangladesh ,2018,55.1,32.4,32.6,21.2,72.7,94.2,78.9,52.1,66.4,69,61.2,50,30
Barbados,2018,57,51.4,54.4,53.8,74,39.3,0,70.5,63.2,85,62.2,70,60
Belarus,2018,58.1,53.5,57.3,42,89.8,47.9,75.4,74.1,73.1,62.3,81.4,30,10
Belgium,2018,67.5,81.2,69.5,70.9,44,12.1,67.9,80.6,59.5,82.6,86.9,85,70
Belize,2018,57.1,42.1,53.5,34.7,80,65.5,50,62.9,48.7,78.3,64.9,55,50
Benin,2018,56.7,35.5,31.3,30.2,67.4,85.6,49.7,60.7,49.9,84.7,55.6,80,50
Bhutan,2018,61.8,60.9,51.6,50.9,83,72.2,80,72.5,75.7,70.5,74.4,20,30
Bolivia,2018,44.1,19,11.4,23.1,85.7,46.5,46.8,59.2,49.2,67.5,75.5,5,40
Bosnia and Herzegovina,2018,61.4,39.5,43.7,28.4,83.5,41.5,94.4,49.3,59.6,83.5,87.8,65,60
Botswana,2018,69.9,57.7,54.7,56.6,76.1,63.4,98.2,69.5,64.6,79,83.9,65,70
Brazil,2018,51.4,55.8,55.5,31.4,70.6,50.7,7.7,58.6,46.8,71.4,68.5,50,50
Brunei Darussalam,2018,64.2,56.6,57.1,45.4,85.6,57.7,20,79.9,88.9,75.1,89.1,65,50
Bulgaria,2018,68.3,63.6,42.5,38.2,90.9,60.5,94.3,64.3,66.1,82.8,86.9,70,60
Burkina Faso,2018,60,42.1,47.1,31.8,80.6,83.7,80.4,51.5,47,84.5,65.8,65,40
Burma,2018,53.9,32.5,17.6,28.2,86.3,84.7,89.2,54.2,65.9,67.6,70.9,30,20
Burundi,2018,50.9,17.6,21.7,26.2,71,78.6,54.8,53,63.2,70.2,69.2,55,30
Cabo Verde,2018,60,42.1,52,42.8,74,71.5,40.2,64.6,40.5,83.5,68.2,80,60
Cambodia,2018,58.7,36,24.5,17.7,89.8,86.5,92.1,30.6,57.7,79.7,80.3,60,50
Cameroon,2018,51.9,40.6,29.4,23.4,73.7,86.1,72,44,42.9,82.5,53.4,25,50
Canada,2018,77.7,87.5,77.1,78.3,76.7,52.3,81.2,81.8,71.3,77.5,88.1,80,80
Central African Republic,2018,49.2,17.9,28.2,24.6,64.6,94.6,96.4,27.2,34.5,70.5,57.2,45,30
Chad,2018,49.3,25.1,24.1,23.1,44.8,90.5,81.9,29.4,40.3,79.9,52.2,60,40
Chile,2018,75.2,67.9,63.4,61.2,78,81.3,91.7,72.4,60.4,82.4,88.7,85,70
China,2018,57.8,46.7,65.4,47.3,70.4,71.6,85.9,54.9,61.4,71.4,73.2,25,20
Colombia,2018,68.9,60.7,36.4,33.4,80.3,74.4,82.2,78.6,75.2,73.9,81.6,80,70
Comoros,2018,56.2,36.7,28.2,27.5,59.7,77.8,96.6,57.5,58.7,81.2,74.9,45,30
Costa Rica ,2018,65.6,54.8,57.8,51.8,79.3,88.9,46.8,68.3,50.3,85,84.7,70,50
Côte d'Ivoire ,2018,62,39.4,44.2,36.6,76.4,84.6,80.8,62.1,47.6,73.6,73.7,75,50
Croatia,2018,61,65.9,56.5,40.5,66,32.5,67.2,58.9,43,79.1,87.4,75,60
Cuba,2018,31.9,29.7,10,38.1,49,0,64.4,20,20,66.4,64.7,10,10
Cyprus,2018,67.8,71.2,56.7,41.3,75.2,52.9,79.3,77,55.7,83,86.9,75,60
Czech Republic,2018,74.2,73,57.9,51.1,82.9,48.6,96.2,72.5,76.8,85.2,86.9,80,80
Democratic Republic of Congo,2018,52.1,24.1,23.9,27.3,73.2,94.8,99.1,60.2,47.8,60.3,64.6,30,20
Denmark,2018,76.6,84.8,83.6,84.1,41.4,10.6,96.7,92.5,82.8,86.4,86.9,90,80
Djibouti,2018,45.1,19,13.8,29,69.8,27.2,18,51.7,58.9,69.5,54.9,80,50
Dominica,2018,64.5,48.6,69.2,49.9,72.9,64.8,85.2,71.7,57.7,86.6,62.6,75,30
Dominican Republic,2018,61.6,51.7,23.1,26.2,84.6,90.6,90.5,53.2,54.3,77.1,72.4,75,40
Ecuador,2018,48.5,36.7,23.3,30.2,79.4,52.5,47,55.6,43.7,70.1,68.8,35,40
Egypt,2018,53.4,32.7,52.5,32.2,84.2,65.1,1.2,71.5,51.5,69.6,70.9,60,50
El Salvador ,2018,63.2,37.3,35.4,25.2,78.9,86.3,78.5,58.2,52.9,79.8,86.4,80,60
Equatorial Guinea,2018,42,29.8,17.6,26.2,69.6,61,19.1,45.6,29.8,81.7,53.8,40,30
Eritrea,2018,41.7,35.5,13.8,23.4,79.9,75.6,0,56.7,65.7,60.9,69.2,0,20
Estonia,2018,78.8,80.4,83.9,75.7,80.7,52.6,99.8,75.6,54.8,85.1,86.9,90,80
Eswatini,2018,55.9,55.3,35.3,26.9,74.8,65.2,39.7,61.1,69.5,73.2,79.7,50,40
Ethiopia,2018,52.8,31.1,37.6,37.7,76.5,90.6,85.5,40.2,51.3,67.1,60.7,35,20
Fiji,2018,62,68.3,47.1,34.8,81.4,68.2,63,62.8,70.8,74.1,68.8,55,50
Finland,2018,74.1,89,82.7,89.8,66.5,2.3,81.1,89.9,50.5,86,86.9,85,80
France,2018,63.9,84,72.7,65.1,47.3,2.7,60.8,80.2,45,81.6,81.9,75,70
Gabon,2018,58,29.9,27.8,33.4,74.3,84.6,92.3,49.3,61.7,81.4,60.9,60,40
Georgia,2018,76.2,62.8,64.2,61.8,87,73.3,91.8,86.9,77.3,79.6,89.4,80,60
Germany,2018,74.2,81,78,75.3,61.3,41.3,90.8,86.1,53.3,86.2,86.9,80,70
Ghana,2018,56,48.9,43.7,32.9,83.5,79,9.5,59.5,56.2,63.7,65.1,70,60
Greece,2018,57.3,52.3,59,37.9,60.4,20.9,70.5,74.4,54.4,81,81.9,55,40
Guatemala ,2018,63.4,40.4,33.1,27.3,79.2,95.3,95.3,57.3,48.3,77.6,87.2,70,50
Guinea,2018,52.2,32.4,28.2,26.9,65.9,80.6,61,54.1,54,71.8,61.2,50,40
Guinea-Bissau,2018,56.9,31.1,53.5,27.3,86.4,85.6,87.1,47.8,61.1,77.4,65.2,30,30
Guyana,2018,58.7,42.1,42.5,34.8,68.4,70.8,73.8,60.3,70.5,79.3,71.5,60,30
Haiti,2018,55.8,25.1,42.5,24.6,80.1,85.6,83.6,48.3,64.1,68.9,71.9,45,30
Honduras ,2018,60.6,44.3,34.5,28.2,82.8,76.6,87.4,58.5,31.9,73.8,84.4,65,60
Hong Kong,2018,90.2,92.5,84.3,82.8,93.1,90.2,100,96.3,89.4,84.3,90,90,90
Hungary ,2018,66.7,57.6,57.1,36.4,78.6,29.4,82.4,61.8,68.7,91.6,86.9,80,70
Iceland,2018,77,86.7,72.6,77.3,72.1,44.2,94.3,89.5,61.8,81.7,88.5,85,70
India,2018,54.5,55.4,54.3,47.2,79.4,77.7,13.2,56.4,41.8,75.9,72.4,40,40
Indonesia,2018,64.2,49.3,45.2,42.8,83.7,90.7,89.4,57.3,50.3,81.6,80.5,40,60
Iran,2018,50.9,32.5,35.3,32.6,81,91.1,91.7,64.3,58.2,59.8,54.5,0,10
Iraq,2018,N/A,36.7,11.4,23.4,N/A,45.4,11.9,59.1,69.8,79.2,N/A,N/A,N/A
Ireland,2018,80.4,87.7,79,79,76.1,69.6,80.8,81.8,76.4,87.4,86.9,90,70
Israel,2018,72.2,78.2,83.1,61.2,60.9,51.8,79,71.8,65.1,85.3,85.5,75,70
Italy,2018,62.5,71.2,60.9,40.1,55.2,24.1,68.2,70.3,50.3,88.2,86.9,85,50
Jamaica ,2018,69.1,60.9,56.6,39.4,80,77.2,79.5,78.7,74.5,82,70.8,80,50
Japan,2018,72.3,86,73.2,79.2,67.4,54.1,49.3,81.7,79.2,85.4,82.3,70,60
Jordan,2018,64.9,57.6,57.3,51.9,92.4,69.4,27.7,63,58.9,88.7,82,70,60
Kazakhstan,2018,69.1,56,58.1,44.6,92.6,85.3,87.3,74.3,86.8,68.2,75.6,50,50
Kenya,2018,54.7,47.9,44,27.5,78.5,77.5,14.1,55.5,62.9,74,69.8,55,50
Kiribati,2018,50.8,45,35.3,37.9,72.4,0,98.5,53.1,71.6,82,58.2,25,30
Kosovo,2018,66.6,52.3,59,45.4,93.2,77.9,92.8,72.6,58.3,81.2,70.8,65,30
Kuwait,2018,62.2,52,53.5,36.6,97.7,20.5,99.3,57.2,61.5,73.7,79.1,55,60
Kyrgyz Republic ,2018,62.8,50.2,22.1,29.4,93.8,58.2,89.2,73.3,77.9,74.9,74.5,60,50
Laos,2018,53.6,34.1,41.4,33.1,86.7,79.3,60.2,65.4,55,76,56.6,35,20
Latvia,2018,73.6,68.3,58.9,45.4,84,59,95.3,80.1,72.5,87.3,86.9,85,60
Lebanon,2018,53.2,39.7,33.6,20.2,91.9,78.2,0,48.8,44.2,81.9,84.5,65,50
Lesotho,2018,53.9,49.4,52.7,32.9,48.2,23.8,90.5,52.9,58.9,74.2,68.5,55,40
Liberia,2018,50.9,28.2,42.4,32,77.5,59.4,39.1,53.1,59.5,71.4,72.8,55,20
Libya,2018,N/A,5.2,22.1,23.1,90.5,0,19.9,63.5,45.9,56.2,80,5,N/A
Liechtenstein,2018,N/A,N/A,N/A,N/A,N/A,N/A,N/A,N/A,N/A,N/A,90,85,80
Lithuania,2018,75.3,73.8,66.7,50.9,86.4,63.9,96.7,73.4,64.5,89.9,86.9,80,70
Luxembourg,2018,76.4,82.7,77.9,79,65.1,48.5,99,69.2,46.2,87.6,86.9,95,80
Macau,2018,70.9,60,60,36.4,75.3,91,100,60,50,73.6,90,85,70
Madagascar,2018,56.8,33.2,21.4,17.8,90.3,92.9,82.5,45.6,41.5,73.4,78,55,50
Malawi,2018,52,33.1,47.1,28.9,76.9,70.7,28.1,47.7,59.9,60.4,71.5,50,50
Malaysia ,2018,74.5,83.8,65.2,54.8,85.6,81.3,80.7,83.9,75.8,85.6,87.4,60,50
Maldives,2018,51.1,45,38.8,36.6,94.3,45.5,6.7,78.6,70.6,83.3,48.4,35,30
Mali,2018,57.6,31.9,32.4,31.4,68.1,85.3,84.8,52.8,48.4,81.9,68.7,65,40
Malta,2018,68.5,68.1,62.8,49.9,64.7,51,90,64,61.1,78.8,86.9,85,60
Mauritania,2018,54,23.9,17.6,28.9,75.9,72.8,71.8,64.2,59.2,82.4,61.5,50,40
Mauritius,2018,75.1,68.7,69.6,52.1,91,80.7,73.7,77.5,66.8,82.9,88.7,80,70
Mexico,2018,64.8,58.6,39,26.9,75.7,78.1,69.8,67.5,59.8,79.2,88,75,60
Micronesia,2018,52.3,5.2,25.4,38.8,93.2,7.4,98.7,57.6,67.4,83.8,85.6,35,30
Moldova,2018,58.4,53.5,26.3,26.6,85.3,56.7,90,66,39.9,73.2,78.3,55,50
Mongolia,2018,55.7,51,30.9,34.8,88.4,57.1,3.8,67,75.6,79.1,75.9,45,60
Montenegro,2018,64.3,54.2,51.3,38.1,85.2,35.7,69.1,72.9,70.9,84.9,84.7,75,50
Morocco,2018,61.9,53.8,44.3,41.3,70.5,70.5,60.6,69.6,36,82.3,79.4,65,70
Mozambique ,2018,46.3,35.4,36.3,28.2,70.6,60.7,0,58,37.8,66.7,76.7,35,50
Namibia,2018,58.5,56.6,54.2,45.4,63,50.4,16.5,67.5,85.5,74.8,83.3,65,40
Nepal,2018,54.1,37.5,36.2,24.6,84.2,87.6,98.5,64.6,43.5,65.8,66.6,10,30
Netherlands,2018,76.2,87.9,74.1,86,52.5,39.1,88.2,80.5,61.5,87.5,86.9,90,80
New Zealand,2018,84.2,95.1,88.4,95.7,70.5,49.5,98.3,91.5,84.4,90,87.4,80,80
Nicaragua ,2018,58.9,29.8,19,24.2,77.2,80,94.8,60.2,57.3,73,81,60,50
Niger,2018,49.5,37.4,32.6,30.4,73.3,72.9,15.8,45.5,45.7,83.5,61.5,55,40
Nigeria,2018,58.5,38,39.6,14.4,84.4,96.3,80.9,49.3,81.5,66.9,65.5,45,40
North Korea,2018,5.8,29.8,5,25.2,0,0,0,5,5,0,0,0,0
North Macedonia,2018,71.3,64.8,57,47.4,91.6,70.3,78.1,82.9,69,81.8,87.8,65,60
Norway,2018,74.3,86.4,86,93.6,56.4,29.2,97.8,90.4,54.6,73.9,87.9,75,60
Oman,2018,61,59.5,57.4,51.5,98.5,25,17.7,76.3,55.2,79.2,86.2,65,60
Pakistan ,2018,54.4,36,34,27.3,78.5,88.2,54,55.3,40.6,77.7,65.9,55,40
Panama ,2018,67,60.9,29.4,38.8,85,84.1,86.1,74.4,43.5,79.5,77.8,75,70
Papua New Guinea,2018,55.7,38,55.1,33.1,71.1,82,51.9,60.6,66.7,68.8,85.9,25,30
Paraguay ,2018,62.1,38.3,28.2,28.3,96.1,82.2,97.1,62.2,29.9,72.4,76.1,75,60
Peru,2018,68.7,56.9,33.5,36.6,80.6,85.6,94.7,69.2,62.4,83.1,87.1,75,60
Philippines,2018,65,45,38.2,34.4,78.9,89.3,97.7,62.6,57.6,76.3,80.7,60,60
Poland,2018,68.5,61.8,56.6,50.9,75.9,47.8,81.5,67.2,63.9,85,86.9,75,70
Portugal,2018,63.4,69.2,70.1,56.8,59.8,29.8,46,83.2,44.1,85.3,86.9,70,60
Qatar,2018,72.6,70.3,59.8,71.6,99.6,60.2,95.4,71.3,65.4,75,83.3,60,60
Republic of Congo ,2018,38.9,32.4,28.2,24.6,60.8,33.4,6.2,31.3,34.1,73.8,61.9,50,30
Romania,2018,69.4,61,59.7,40,87.3,66.9,91.1,65.2,66.8,82.8,86.9,75,50
Russia,2018,58.2,48.7,46.9,38.1,85.8,62.5,87.7,77,52,60.8,79.4,30,30
Rwanda,2018,69.1,69.8,79.6,61.2,75.8,77.7,82.3,55,81.2,76.5,70.7,60,40
Saint Lucia,2018,67.6,67.9,69.2,50.9,75.5,72.4,67.7,76.6,69.5,81.7,74.3,65,40
Saint Vincent and the Grenadines,2018,67.7,36.7,69.2,51.5,72.7,72.7,83.4,80,75,85.4,75.7,70,40
Samoa,2018,61.5,53.1,38.8,40.1,79.9,55.1,78.1,77,76.5,84.8,70.2,55,30
São Tomé and Príncipe ,2018,53.6,38,28.2,39.4,82,69.5,45.8,65.9,42.7,70.1,71.8,60,30
Saudi Arabia,2018,59.6,53.1,60.2,49.9,99.7,52,19.7,74,64.8,73.8,78.2,40,50
Senegal,2018,55.7,41.3,40.4,42.6,68.5,72.7,58.4,51.5,41.4,84.7,66.7,60,40
Serbia ,2018,62.5,46.2,48.2,36.5,83.5,40.6,67,68.3,69.2,82.9,87.4,70,50
Seychelles,2018,61.6,60.7,38.8,38.8,73.4,63,90.6,63.4,57.5,81.5,86.7,55,30
Sierra Leone,2018,51.8,33.6,29.6,22,79.9,89.8,65.9,51.3,30.5,69.5,69.4,60,20
Singapore,2018,88.8,98.4,90.9,91.2,90.4,90.6,80,90.9,92.6,85.2,90,85,80
Slovakia,2018,65.3,68.2,38.8,38.2,78.9,44.3,84.9,63.9,54,81,86.9,75,70
Slovenia,2018,64.8,76.6,57.7,52.1,58.7,31.2,66.3,79.5,61.3,87.3,86.9,70,50
Solomon Islands,2018,57.5,49.4,57.3,36.8,65.5,35.6,99.8,68.9,72.4,84,74.7,15,30
Somalia,2018,N/A,33.1,25.4,17.8,N/A,N/A,N/A,N/A,N/A,N/A,N/A,N/A,N/A
South Africa,2018,63,67.7,65.9,45.4,62.5,68.1,74.6,65.1,60.1,74.6,71.6,50,50
South Korea,2018,73.8,79.4,63.7,49.9,73.3,68.8,97,90.7,58.7,83.9,80.4,70,70
Spain,2018,65.1,73.1,62,51.5,62,42.8,36.1,66.3,59,86.7,86.9,85,70
Sri Lanka,2018,57.8,46.5,52,30.7,84.9,89.3,24.9,76.2,60.1,74,74.5,40,40
Sudan,2018,49.4,27.8,21.4,21.2,85.9,95.3,87.2,52.3,58.8,62.2,56.1,5,20
Suriname,2018,48.1,39.7,21.4,39.9,71.4,76.4,11.7,48.3,73.5,50.5,74.8,40,30
Sweden,2018,76.3,92.6,88.2,92.9,43.9,23.2,96.1,89.3,53.7,83.8,86.9,85,80
Switzerland,2018,81.7,84.2,82.1,82.8,70.5,65.4,95.9,75.7,73.9,85.2,90,85,90
Syria,2018,N/A,36.7,22.1,23.1,N/A,N/A,13.8,61.8,59.2,44.2,56.6,0,N/A
Taiwan,2018,76.6,84.3,69.2,70.9,76.1,90.4,90.8,93.2,54.9,83.3,86.2,60,60
Tajikistan,2018,58.3,46.8,50.3,38.2,91.8,71.4,90.4,63.4,52.2,69.6,70.6,25,30
Tanzania,2018,59.9,38,34.7,31.8,79.8,89.8,79,50,63.9,70.3,76.9,55,50
Thailand ,2018,67.1,48.6,45.3,34.7,81.3,85.5,96.4,77.2,62.6,75.5,83.1,55,60
The Bahamas,2018,63.3,46.5,53.5,50.9,96.5,82.9,59,68.3,64.6,79.2,52.7,45,60
The Gambia,2018,52.3,34.4,38.8,36.8,71.9,74,0,54.2,64,63.2,64.7,75,50
Timor-Leste,2018,48.1,29.9,13.8,32,97.4,30.9,20,66.9,62.7,78.4,80,45,20
Togo,2018,47.8,32.7,28.2,31.4,64.3,73.3,7.5,49.7,45.2,78.5,67.2,65,30
Tonga,2018,63.1,62.1,25.4,40.5,85.4,68.7,95.9,75.5,86.4,78.3,78.6,40,20
Trinidad and Tobago,2018,57.7,54.9,49.8,33.1,83.5,54.4,12.6,68.3,74.5,77.4,73.5,60,50
Tunisia,2018,58.9,49.4,41.7,36.8,73,75.5,61.6,81.4,52.9,77.2,82.1,45,30
Turkey,2018,65.4,54.7,54.5,42,74.7,68.1,93.6,63.3,47.6,72.3,78.6,75,60
Turkmenistan,2018,47.1,29.8,5,27.3,95.9,92.2,98.6,30,20,76.3,80,0,10
Uganda,2018,62,43.5,40.3,28.3,73,90.9,80.7,45.4,83.9,80.5,78.1,60,40
Ukraine,2018,51.9,41,29.5,29,80.2,45,75.9,62.7,52.8,60.1,81.1,35,30
United Arab Emirates,2018,77.6,76.3,83.4,77.3,98.4,70.9,99,79.9,81.1,80.2,84.3,40,60
United Kingdom,2018,78,92.2,93.8,79,65.2,44.4,53.5,91.1,74.4,85.2,86.9,90,80
United States,2018,75.7,79.3,76.9,71.9,65.1,56.5,54.8,82.7,91.4,78.6,86.7,85,80
Uruguay ,2018,69.2,69.3,67,71.6,78,68.6,71.1,74.4,64.4,70.7,80.4,85,30
Uzbekistan,2018,51.5,48.7,35.3,24.2,91,65.5,99.7,66.9,52,61.9,62.5,0,10
Vanuatu,2018,69.5,67.9,47.1,75.4,97,78.5,98,55.2,59.5,75.7,75,65,40
Venezuela ,2018,25.2,5.2,13.8,7.5,72.5,57.3,18.4,35.4,24.2,0,58.7,0,10
Vietnam,2018,53.1,46.4,36.3,30.4,79.7,74,27.3,63.2,60.4,75.4,78.7,25,40
Yemen,2018,N/A,17.9,16.6,21.2,N/A,80.9,5.4,52.7,52.1,66.6,N/A,50,N/A
Zambia,2018,54.3,46,40.6,36.3,72.1,80.2,14.4,69.8,43.5,65.4,78.3,55,50
Zimbabwe,2018,44,27.6,33,18.9,61.1,72,59.1,37.1,38.8,76.9,69.1,25,10
Afghanistan,2017,48.9,12.6,28.4,27.5,91.6,79.9,97.3,54.2,59.9,69.3,66,0,0
Albania,2017,64.4,54,28.5,39.7,86.9,72.5,51.5,79.3,50.7,81.4,87.7,70,70
Algeria,2017,46.5,38.2,29.6,31.7,81.1,51,19.8,62.1,49.5,67,63.3,35,30
Angola,2017,48.5,36.4,19.8,12.8,87.7,58.6,70.7,58.5,40.4,70.6,56.7,30,40
Argentina,2017,50.4,32.4,39.6,38.2,62.6,54.6,56.4,57.3,46.1,50.9,66.7,50,50
Armenia,2017,70.3,55.5,42.5,43.4,83.7,81.7,82.9,78.5,72.4,72.8,80.2,80,70
Australia,2017,81,81.7,92.9,74.8,63.2,59,84.6,89.3,84.1,86.4,86.2,80,90
Austria,2017,72.3,86,81.8,75.2,50.3,19.3,79.7,76.9,67.6,83.4,87,90,70
Azerbaijan,2017,63.6,50.5,33,37.6,87.7,57.5,97.4,71.5,75,73.6,74.4,55,50
Bahrain,2017,68.5,64.2,53.7,55.5,99.9,69.8,12,69.4,78.7,80.7,82.8,75,80
Bangladesh ,2017,55,34.9,26,19.1,72.8,94,78.7,53.4,68.7,68.6,63.6,50,30
Barbados,2017,54.5,55.5,33,34.3,74,39,0,69.6,67.7,83.7,62.2,75,60
Belarus,2017,58.6,50.9,56.3,37.6,89.8,48.7,92.8,71.3,74.6,60.4,80.6,30,10
Belgium,2017,67.8,83.3,69.3,71.5,44.1,9.6,66.3,82,61.1,84.9,87,85,70
Belize,2017,58.6,43.5,48.7,35,81.3,68.6,60.5,62.7,53.6,79.6,70.1,50,50
Benin,2017,59.2,36,29.4,31.3,68.6,85.9,71.3,51.9,52.4,85.4,68.7,80,50
Bhutan,2017,58.4,60.1,50.7,44.7,83.1,73.6,61.7,72.6,77.6,67.1,60,20,30
Bolivia,2017,47.7,25.7,15.4,32.6,86.1,49.1,81.4,58.9,35.8,66.4,76,5,40
Bosnia and Herzegovina,2017,60.2,41.2,40,32.7,83.5,33.7,89.3,47.4,59.3,84,86.6,65,60
Botswana,2017,70.1,58.1,54,57.6,77.1,61.2,99.4,68.8,68.6,77.9,83.8,65,70
Brazil,2017,52.9,55,49.7,33.4,70.1,53.1,22.8,61.3,52.3,67,69.4,50,50
Brunei Darussalam,2017,69.8,62.5,39.9,40.9,85.6,61.2,100,76.6,90.4,76.1,89.1,65,50
Bulgaria,2017,67.9,62.5,38.9,41.8,91,58.4,86.4,66.7,68.3,83.3,87,70,60
Burkina Faso,2017,59.6,38.2,28.4,31.7,82.6,82.5,88.4,46.4,53.3,84.6,69.2,70,40
Burma,2017,52.5,23,12.9,29.6,86.2,81.5,89.9,50.1,77.1,65.4,74.2,20,20
Burundi,2017,53.2,25.7,19.8,24.6,73.8,69.5,69.6,53.5,67.4,75.2,74.2,55,30
Cabo Verde,2017,56.9,42.6,50.2,41.8,78.3,70.7,1.2,65.5,43.2,86.7,68.2,75,60
Cambodia,2017,59.5,42.4,22.1,12.8,90.2,88.1,95.7,29.6,62,81,80.3,60,50
Cameroon,2017,51.8,43.5,29.6,17.4,75.4,84.4,60.9,44.3,47.8,80.1,53.4,35,50
Canada,2017,78.5,88.3,80.8,81.6,77.4,52.3,80.3,81.9,73.1,77.8,88.4,80,80
Central African Republic,2017,51.8,12.6,33,28.7,65.8,94.1,84.1,27.2,42.7,68.2,55.2,80,30
Chad,2017,49,30.6,24.1,24.6,46,87.2,74.6,27.5,44.9,74.3,54.7,60,40
Chile,2017,76.5,68.2,63.7,70.5,77.6,82.2,96.1,72.3,64.3,82.2,86.4,85,70
China,2017,57.4,48.3,60.7,41.6,70,73,92.5,53.9,63.4,71.8,73.6,20,20
Colombia,2017,69.7,63.8,25.2,39.6,80.1,74.2,89.8,77.1,77.9,77,81.6,80,70
Comoros,2017,55.8,37.3,22.6,30,64.6,81.2,98.6,58.5,50.6,81.5,70.2,45,30
Costa Rica ,2017,65,51.6,55.6,55.4,79.4,88.5,42.4,68.1,53.9,80.8,84.7,70,50
Côte d'Ivoire ,2017,63,42.6,45.8,34.3,78.4,84.6,87,62.1,50.6,73.2,72.3,75,50
Croatia,2017,59.4,65.5,56.8,43.4,66.8,31.3,44.7,58.2,43.3,80.3,87.4,75,60
Cuba,2017,33.9,32.4,10,41.8,51.3,0,81.2,20,20,66,64.5,10,10
Cyprus,2017,67.9,75.4,60.7,53.6,73,48.8,72.9,75.8,58.6,83.3,87,75,50
Czech Republic,2017,73.3,70.3,55.9,55.9,82.9,45.3,92,67.2,77.7,85.8,87,80,80
Democratic Republic of Congo,2017,56.4,40.6,48.7,28.6,73.4,94.7,99.3,59.9,38.4,78.6,64.6,30,20
Denmark,2017,75.1,86.7,68.5,84.9,37.2,5.7,95.4,93.9,85.8,85.5,87,90,80
Djibouti,2017,46.7,12.3,10.3,32.6,80.9,39.5,13.8,51.6,59,75.3,54.9,80,50
Dominica,2017,63.7,43.8,67.7,40.9,73.2,67.5,72.6,72.1,59,89.5,72.6,75,30
Dominican Republic,2017,62.9,56.1,25.3,30.9,84.6,90.2,90.1,52.8,56.2,76.7,77,75,40
Ecuador,2017,49.3,38.7,22.3,33.9,79.1,46.1,56.4,55.4,47.3,67.7,69.7,35,40
Egypt,2017,52.6,35.4,56.3,32.7,86.1,63,4.6,66.8,51.3,69.6,70.2,55,40
El Salvador ,2017,64.1,45.3,35.4,31.7,79,85.9,74.7,57.3,54.5,79.2,86.5,80,60
Equatorial Guinea,2017,45,35.4,13.1,24.6,75.4,53.6,46.4,50.9,38.5,78.3,53.8,40,30
Eritrea,2017,42.2,36.4,10.3,27.5,81.3,74.7,0,56.7,69.7,61,69.2,0,20
Estonia,2017,79.1,82.6,82.8,69.9,81.2,55.8,99.8,77,56.9,85.7,87,90,80
Eswatini,2017,61.1,53.5,33.3,30.9,74.8,71.6,93.2,57.5,64.4,75.6,88.9,50,40
Ethiopia,2017,52.7,32.6,29.6,37.6,77.1,90.3,86.5,50,57.2,65.7,65.1,20,20
Fiji,2017,63.4,67.7,41.9,32.7,80.7,72.5,84.1,61.3,70.5,75.5,68.8,55,50
Finland,2017,74,90.6,82.7,90,66.6,0,77.3,90.2,53.4,85.1,87,85,80
France,2017,63.3,85,72.7,69.7,47.6,2,57,78,44.1,81.6,82,70,70
Gabon,2017,58.6,35.9,26.7,37.6,77,81,96.1,50.6,58.4,83,61.8,55,40
Georgia,2017,76,55.1,66.5,65,87.3,74.4,93.5,87.2,75.9,78.2,88.6,80,60
Germany,2017,73.8,82.9,79.5,77.7,61.9,41.4,89.9,86.6,42.8,85.9,87,80,70
Ghana,2017,56.2,51.6,40.9,35.5,84.5,76.3,9.2,59.6,57.4,64.5,65.1,70,60
Greece,2017,55,52.5,56.1,41.3,61.1,5.4,58.1,74.3,51,78.2,82,60,40
Guatemala ,2017,63,45,27.8,27.5,79.2,94.8,93.5,58.7,48.2,79.4,87,65,50
Guinea,2017,47.6,15.6,13.1,27.5,69.1,78.4,34.2,55.8,54.8,71.1,61.2,50,40
Guinea-Bissau,2017,56.1,33.8,48.7,28.7,89,87.5,75.3,46.7,60.9,77.7,65.2,30,30
Guyana,2017,58.5,37.7,34.1,33.9,68,72.8,80.9,63.2,70.9,79.8,70.7,60,30
Haiti,2017,49.6,12.6,25.1,19.1,80.3,81,51.8,49.4,62.1,73.8,70.6,40,30
Honduras ,2017,58.8,45,38.2,32.2,83.3,74.7,64.1,56.9,31.2,77.3,78.4,65,60
Hong Kong,2017,89.8,93.7,84,80.3,93,90,100,94.6,89.1,83.2,90,90,90
Hungary ,2017,65.8,60.1,51.8,41.5,79.3,25.3,79.3,64,64.4,91.7,87,75,70
Iceland,2017,74.4,85,71.5,71.5,70.9,41.1,90.6,90.2,62.6,81.2,88,80,60
India,2017,52.6,55.4,44.4,44.3,77.2,77.4,11,52.8,41.6,75,72.6,40,40
Indonesia,2017,61.9,48.3,39.3,44.7,83.6,89.9,90.1,49.1,48.9,74,80.5,35,60
Iran,2017,50.5,32.4,36,29.6,81.1,92.7,94.9,64.8,54.5,55.5,54.5,0,10
Iraq,2017,N/A,37.3,15.9,19.1,N/A,36.1,11.3,61.2,68,76.9,N/A,N/A,N/A
Ireland,2017,76.7,85.8,78.3,78.3,72.7,57.1,60.3,80.3,73.6,87.6,87,90,70
Israel,2017,69.7,71.9,82,47.6,61,50.5,71.8,69.9,64.3,84.9,88,75,70
Italy,2017,62.5,74.6,55.4,44.7,54.9,22.3,66.9,69.8,52.9,86.9,87,85,50
Jamaica ,2017,69.5,58,61.5,38.2,81,77.5,79.9,78.9,73.7,79.5,75.3,80,50
Japan,2017,69.6,89.4,73.8,86.1,68.5,52.3,9.5,82.3,77.5,83,82.6,70,60
Jordan,2017,66.7,60.1,49.5,49.8,91.3,73.3,55.5,63.9,58.1,86.7,82,70,60
Kazakhstan,2017,69,56.1,56.5,38,93.3,85.7,98.9,74.5,82.5,73.9,78.5,40,50
Kenya,2017,53.5,45.1,42.7,24.7,78.5,77.9,14.4,50,62.4,73.8,67.2,55,50
Kiribati,2017,50.9,48,33,37.6,73.6,0,99.5,51.5,71.9,82,58.2,25,30
Kosovo,2017,67.9,70.3,58,45.9,93.5,77.8,88.9,68.8,65.3,80,70.8,65,30
Kuwait,2017,65.1,55.5,56.4,41.3,97.7,40.8,99.8,61.2,61.5,73.6,78.7,55,60
Kyrgyz Republic ,2017,61.1,50.9,17.2,30.3,93.7,55.2,78.9,73.7,79.8,68.5,75.3,60,50
Laos,2017,54,35.3,35.9,32.6,86.1,76.6,61.2,66.3,54.4,70.2,74.6,35,20
Latvia,2017,74.8,72.6,59.7,67.3,84.7,57.4,95,79.8,72,86.5,87,75,60
Lebanon,2017,53.3,43.8,25.3,23.3,91.8,76.1,0,51.5,49.5,78.4,84.4,65,50
Lesotho,2017,53.9,51.6,50.9,39.6,55.7,0,92.2,52.2,57.7,76.4,80.2,50,40
Liberia,2017,49.1,33.6,41,31.4,83.6,60.1,36.2,53.1,48.5,71.8,60.1,50,20
Libya,2017,N/A,6.8,22.6,26.7,95,0,11.4,65,52.5,69.2,80,N/A,N/A
Liechtenstein,2017,N/A,N/A,N/A,N/A,N/A,N/A,N/A,92.3,85.7,N/A,90,85,80
Lithuania,2017,75.8,73,62.4,69.7,86.9,64.1,93.6,79.1,63.6,90,87,70,70
Luxembourg,2017,75.9,85.8,77,78.3,64.5,46,99,68.6,43.8,86.2,87,95,80
Macau,2017,70.7,60,60,37.1,72.3,92.8,100,60,50,70.8,90,85,70
Madagascar,2017,57.4,34.8,21.4,25,91,93.2,79.8,43.3,43.8,73.3,78,55,50
Malawi,2017,52.2,36,44.2,31.3,79.1,69.8,33.5,45.3,56.9,54.7,70.5,55,50
Malaysia ,2017,73.8,85.3,67.3,51.8,85.3,78.7,76.5,90.8,73.1,85.3,81.2,60,50
Maldives,2017,50.3,45.1,33,31.4,93,51.5,9.4,80.6,70.4,76.3,47.8,35,30
Mali,2017,58.6,36.7,33.8,34.3,69.4,88,87.8,44.2,51.1,83,70.1,65,40
Malta,2017,67.7,67.7,62.9,53.6,62.8,44.9,85.1,62.5,57.2,83.5,87,85,60
Mauritania,2017,54.4,22.5,13.8,29.2,81.2,73.2,77.1,64.4,57.4,81.9,62.3,50,40
Mauritius,2017,74.7,64.4,72.6,44.3,92,81.5,74.9,78.2,68.8,81.1,88.7,80,70
Mexico,2017,63.6,58.1,38.7,30,74.9,76.7,66.8,70.7,57.9,78.8,80,70,60
Micronesia,2017,54.1,30,30,40.7,90.7,0,98.6,57.8,67.7,83.6,85.6,35,30
Moldova,2017,58,49.6,23.9,28.6,86.1,54.8,90.6,65.9,38.9,72,80,55,50
Mongolia,2017,54.8,51.3,28.4,36.8,87.1,57.6,0,67.2,76.6,72.3,74.9,45,60
Montenegro,2017,62,58,50.4,43.4,83.1,33.1,44.3,72,67.4,82.5,84.7,75,50
Morocco,2017,61.5,55,41.9,37.1,71.7,69.4,55,67.7,33.8,82.7,84,70,70
Mozambique ,2017,49.9,40.6,32.4,30.9,73.2,58.2,22.7,58.8,41,79.9,76.7,35,50
Namibia,2017,62.5,53.8,50.6,41.3,65.2,55.6,66.4,67.6,84.4,77.2,83.5,65,40
Nepal,2017,55.1,37.3,32,26.7,84.9,89.5,98.4,64.6,47.6,72.2,68.1,10,30
Netherlands,2017,75.8,87.4,69.9,85.7,53.2,37,83,80.2,70.5,85.8,87,90,80
New Zealand,2017,83.7,96.1,88.5,89.9,70.8,46.5,97.8,91.8,86.2,90.1,87.4,80,80
Nicaragua ,2017,59.2,31.1,15.9,27.4,77.2,80.8,96.1,59,55.6,71.2,81,65,50
Niger,2017,50.8,33.8,22.6,35,76.3,73.4,38.5,39.1,46.1,83.3,66.4,55,40
Nigeria,2017,57.1,35.3,33.2,12.2,85.2,95.2,87.2,48.9,73.9,71.3,62.3,40,40
North Korea,2017,4.9,32.4,5,11.6,0,0,0,5,5,0,0,0,0
North Macedonia,2017,70.7,67,61.4,52,91.9,68.9,72.6,81.5,66.7,80.8,86.1,60,60
Norway,2017,74,86.7,83.3,88.3,55.6,38.5,98.4,89.5,48.8,75.8,87.7,75,60
Oman,2017,62.1,60.8,52.3,47.6,98.5,20.5,36.3,68.4,70.3,80.6,85.2,65,60
Pakistan ,2017,52.8,36.4,34.1,30.5,78.9,87.3,30.8,61.2,37.8,74.8,67.2,55,40
Panama ,2017,66.3,61.1,21.5,40.9,85.2,83.1,84.9,74.4,43,78.4,77.8,75,70
Papua New Guinea,2017,50.9,37.7,54,32.7,67.8,64.5,16.7,59.8,67.4,69.8,85.4,25,30
Paraguay ,2017,62.4,38.2,23.3,32.6,96.2,83,95.1,62.4,28.5,78.3,76.6,75,60
Peru,2017,68.9,58.3,28.2,38.8,80.3,85.1,98.4,69.4,62.8,83.3,87.1,75,60
Philippines,2017,65.6,49.2,37.1,38.7,78.9,89.4,97.2,62.6,57.2,80.6,76.4,60,60
Poland,2017,68.3,60.8,58,55.5,76,46.9,76.1,67.8,61.5,84.7,87,75,70
Portugal,2017,62.6,73.3,68.9,59,59.8,25.1,32.1,86.4,43.4,85.9,87,70,60
Qatar,2017,73.1,74.8,63,59,99.6,71.2,97.4,68.1,65.4,80.6,83.1,55,60
Republic of Congo ,2017,40,34.8,22.6,30.5,66.8,36.2,11.6,32.1,37.5,76.1,52.2,50,30
Romania,2017,69.7,63.9,58.5,45.9,87.4,65.3,90.9,65.9,62.5,83.6,87,75,50
Russia,2017,57.1,47.6,44.5,38.2,81.8,61.5,93.4,74.8,50.8,57.3,75.2,30,30
Rwanda,2017,67.6,64.4,68.8,45.9,79.8,77.3,83.3,59,81.8,80,70.3,60,40
Saint Lucia,2017,65,65.5,68.8,39.6,76.4,71.6,53.8,77.2,68.7,82.3,71.6,65,40
Saint Vincent and the Grenadines,2017,65.2,37.3,68.8,47.6,72.8,71.7,66.7,80.3,74.5,82.9,65.2,75,40
Samoa,2017,58.4,51.3,22.6,37.1,80.4,51.9,66.6,77,73.3,84.5,70.7,55,30
São Tomé and Príncipe ,2017,55.4,37.7,15.9,39.7,87.8,67.9,67.1,65,47.2,69.6,71.8,65,30
Saudi Arabia,2017,64.4,62,65,45.9,99.7,54.5,65.7,73.8,68.5,70.1,78.2,40,50
Senegal,2017,55.9,44,39.3,42.1,70.9,74.3,51.8,50.8,38.9,86,73.1,60,40
Serbia ,2017,58.9,50.3,40.2,38.2,83.3,40.3,46.9,62.9,65.9,80.8,77.8,70,50
Seychelles,2017,61.8,55.2,42.6,44.3,78.8,63.9,90.7,63.4,55.9,78.3,83.4,55,30
Sierra Leone,2017,52.6,37.4,27,18.9,81.3,90.2,76.2,49.6,29.7,71.1,69.4,60,20
Singapore,2017,88.6,97.1,91.5,87.9,90.5,90.1,80.7,95.1,90.8,84.3,90,85,80
Slovakia,2017,65.7,69,38,39.6,79.7,47.2,82.9,64.9,54.4,81.1,87,75,70
Slovenia,2017,59.2,75,55.1,53.6,58.7,28.6,6.1,80.6,60.2,85.3,87,70,50
Solomon Islands,2017,55,39.3,41.9,33.9,62.8,34.4,99.8,68.5,70.5,81,83,15,30
Somalia,2017,N/A,6.8,N/A,11.6,100,N/A,0,92.3,91.8,N/A,N/A,N/A,N/A
South Africa,2017,62.3,67.6,59.7,47.6,70.2,68.4,70,62,58.9,75.8,77.3,40,50
South Korea,2017,74.3,77.8,59.9,67.3,73.7,68.9,97.4,90.6,57,84,79.5,65,70
Spain,2017,63.6,71.2,53.9,57.2,62.5,41.4,26.9,66.9,55.3,85.5,87,85,70
Sri Lanka,2017,57.4,48,48.3,30,85.3,90.2,31.2,72.8,57.5,76,74.5,35,40
Sudan,2017,48.8,31.1,19.8,18.9,86.5,95.1,85.5,53.9,49.7,59.3,50.5,15,20
Suriname,2017,48,45.1,15.4,31.7,70.1,69.6,16.2,48.6,76.1,75.1,68.4,30,30
Sweden,2017,74.9,88.6,82.2,87.4,44.4,21.7,93.4,90.8,53.2,85.3,87,85,80
Switzerland,2017,81.5,86.9,77.6,80.3,70.9,67.5,95.8,76.8,72.2,84.4,90,85,90
Syria,2017,N/A,37.3,22.6,30,N/A,N/A,0,66.4,55.7,N/A,56.6,N/A,N/A
Taiwan,2017,76.5,86.5,67.7,70.5,75.3,89.5,83.7,93.4,55,85.2,86.2,65,60
Tajikistan,2017,58.2,45.5,45.6,32.7,90.9,74.1,95.8,65.6,49.2,69.8,73.9,25,30
Tanzania,2017,58.6,33.8,28.8,29.2,80.3,89.5,76.6,50.1,64.3,69.6,76,55,50
Thailand ,2017,66.2,51.3,41.7,40.7,81,85.3,96.3,69.9,62.8,72.9,82.8,50,60
The Bahamas,2017,61.1,45.3,48.7,38.2,97.1,83.8,42.3,68.5,71.5,77,50.6,50,60
The Gambia,2017,53.4,39.1,38.8,38.2,74.9,74.3,3.2,52.8,65.6,63.8,65,75,50
Timor-Leste,2017,46.3,6.8,10.3,29.2,64.7,65.6,20,72.2,63.9,77.5,80,45,20
Togo,2017,53.2,33.8,39.9,36.8,68.2,79.8,45.1,50.3,46.2,77.5,71.3,60,30
Tonga,2017,63,65.5,19.8,47.6,86.9,74.4,79.6,76.1,86,80.6,79.7,40,20
Trinidad and Tobago,2017,61.2,54.7,48.7,36.8,81.4,57.7,51.8,67.7,71.4,75.9,78.6,60,50
Tunisia,2017,55.7,49.6,39.9,37.3,73.7,73.4,53.4,80.6,56.1,75.9,63.8,35,30
Turkey,2017,65.2,61.3,52.5,40.7,75.5,57.7,95.7,64.3,48.5,72.2,79.4,75,60
Turkmenistan,2017,47.4,32.4,5,29.6,95.3,92.3,98.9,30,20,74.8,80,0,10
Uganda,2017,60.9,39.3,34.6,28.7,73.7,91,78.1,42.4,84.6,80.3,78.3,60,40
Ukraine,2017,48.1,41.4,22.6,29.2,78.6,38.2,67.9,62.1,48.8,47.4,85.9,25,30
United Arab Emirates,2017,76.9,76.7,85,74.2,96.4,67.4,99.2,81.1,80.9,78.4,83.5,40,60
United Kingdom,2017,76.4,93.8,93,78.3,65.1,41.9,40.4,89.9,72.8,85,87,90,80
United States,2017,75.1,81.3,75.1,78.1,65.3,55.9,53.3,84.4,91,80.1,87.1,80,70
Uruguay ,2017,69.7,70.2,66.8,70.3,77.5,69.4,77.2,74.8,62.9,71.3,80.6,85,30
Uzbekistan,2017,52.3,48,41.9,27.5,90.7,66.2,99.8,64.8,50.4,61.1,66.8,0,10
Vanuatu,2017,67.4,65.5,33,70.5,97,80.4,99.1,51.4,58.1,74.8,73.9,65,40
Venezuela ,2017,27,6.8,10.3,11.6,72.5,51.5,15.2,39.7,28.5,16.8,60.7,0,10
Vietnam,2017,52.4,49.7,32,24.6,79.6,74.6,21.1,61.2,62.2,76,83.1,25,40
Yemen,2017,N/A,37.3,22.6,17.4,N/A,77.2,10.6,51.4,54.2,59.7,N/A,N/A,N/A
Zambia,2017,55.8,49.6,39.8,35,73.1,81.6,21.6,66.6,48.2,70.7,78.3,55,50
Zimbabwe,2017,44,27.3,26.1,14.7,61.1,75.2,90.6,36.2,33.1,76.5,52.8,25,10
Afghanistan,2016,N/A,N/A,N/A,12,91.6,81.2,N/A,56.6,63.2,N/A,N/A,55,N/A
Albania,2016,65.9,35,N/A,33,87.8,75,N/A,67.6,51.5,81.7,87.6,70,70
Algeria,2016,50.1,25,N/A,36,81,59.4,N/A,62.1,48.2,68.1,60.8,30,30
Angola,2016,48.9,15,N/A,19,87.8,50.1,N/A,50.3,44.8,72.2,70.2,40,40
Argentina,2016,43.8,15,N/A,34,66.1,51.3,N/A,56,43.9,44,67.4,30,30
Armenia,2016,67,20,N/A,37,83.8,80.7,N/A,77.5,62.2,72.8,85.6,80,70
Australia,2016,80.3,90,N/A,80,63.2,62,N/A,89.4,77.2,85.2,86.4,80,90
Austria,2016,71.7,90,N/A,72,50.7,22.4,N/A,79.4,72.5,81.7,88,90,70
Azerbaijan,2016,60.2,20,N/A,29,88,56.7,N/A,70.3,75.2,77,75.8,60,50
Bahrain,2016,74.3,60,N/A,49,99.9,75.4,N/A,71.9,79.1,74.6,82.6,70,80
Bangladesh ,2016,53.3,20,N/A,25,72.7,93.6,N/A,52.6,62.5,68.2,63.6,45,30
Barbados,2016,68.3,80,N/A,74,75.8,37.6,N/A,70.2,67.3,80.8,62.2,75,60
Belarus,2016,48.8,20,N/A,31,88.6,44.8,N/A,69,74.9,50.4,79,20,10
Belgium,2016,68.4,80,N/A,76,44.2,11,N/A,85.4,60.5,84,88,85,70
Belize,2016,57.4,35,N/A,6.7,82.1,71.9,N/A,63.3,60.3,79.2,70,55,50
Benin,2016,59.3,30,N/A,39,68.1,84.9,N/A,51.3,53.8,82.2,58.8,75,50
Bhutan,2016,59.5,60,N/A,65,83.1,67.5,N/A,65.2,77.6,66.9,60,20,30
Bolivia,2016,47.4,10,N/A,35,86.4,55.5,N/A,58.8,31.7,65,76.6,15,40
Bosnia and Herzegovina,2016,58.6,20,N/A,39,83.9,33.1,N/A,54.6,59.4,84.3,87,65,60
Botswana,2016,71.1,70,N/A,63,79.1,68.4,N/A,66.4,68.5,76.3,84,65,70
Brazil,2016,56.5,45,N/A,43,69.7,55.2,N/A,61.4,52.5,64.2,69.4,55,50
Brunei Darussalam,2016,67.3,30,N/A,60,87,57.3,N/A,71.3,90.2,76.8,85.2,65,50
Bulgaria,2016,65.9,30,N/A,43,91.1,60.4,N/A,66.9,71.6,82.6,88,65,60
Burkina Faso,2016,59.1,30,N/A,38,82.8,76.8,N/A,46.3,58.9,84.9,68.2,65,40
Burma,2016,48.7,10,N/A,21,86.6,75.3,N/A,32.6,76.8,70,74.2,20,20
Burundi,2016,53.9,20,N/A,20,73.8,70.5,N/A,54.2,67.6,73.8,74.2,55,30
Cabo Verde,2016,66.5,75,N/A,57,78.1,66.9,N/A,61.3,43.6,84.5,68.2,70,60
Cambodia,2016,57.9,25,N/A,21,90.5,87.4,N/A,32.3,62.5,78.1,72.2,60,50
Cameroon,2016,54.2,25,N/A,27,75.6,85.6,N/A,46.9,48.9,81.2,61.6,40,50
Canada,2016,78,90,N/A,81,80,50.4,N/A,81.8,72.6,76.9,87,80,80
Central African Republic,2016,45.2,10,N/A,24,65.7,93.6,N/A,28,40.9,62.9,52.2,45,30
Chad,2016,46.3,20,N/A,22,46,84.3,N/A,30.9,48.9,71.4,49.8,50,40
Chile,2016,77.7,85,N/A,73,74.8,83.1,N/A,72.1,64.3,82.9,86.4,85,70
China,2016,52,20,N/A,36,69.7,74.3,N/A,54.2,62,70.6,72.8,30,30
Colombia,2016,70.8,50,N/A,37,80.1,74.4,N/A,78.2,77.6,79.6,81,80,70
Comoros,2016,52.4,30,N/A,26,64.5,81,N/A,49.6,51,79.4,72,40,30
Costa Rica ,2016,67.4,50,N/A,54,79.4,88.7,N/A,68.6,53.8,77.6,81.6,70,50
Côte d'Ivoire ,2016,60,30,N/A,32,78.3,85.4,N/A,62.2,46.9,73.5,71.8,70,50
Croatia,2016,59.1,35,N/A,48,70.8,33.7,N/A,60.3,42.4,78.7,87.4,75,60
Cuba,2016,29.8,10,N/A,46,52.1,0,N/A,20,20,65.2,64.6,10,10
Cyprus,2016,68.7,70,N/A,63,76.1,47.3,N/A,74.5,58.2,85.3,88,75,50
Czech Republic,2016,73.2,75,N/A,51,82.5,47.3,N/A,66.6,77.7,84.1,88,80,80
Democratic Republic of Congo,2016,46.4,10,N/A,22,73.3,95.2,N/A,42.8,41,78.5,61,20,20
Denmark,2016,75.3,95,N/A,92,39.5,2.3,N/A,95.4,86,84.4,88,90,80
Djibouti,2016,56,25,N/A,34,80.6,57.4,N/A,50.8,62.9,74.3,54.6,70,50
Dominica,2016,67,60,N/A,58,74,68.5,N/A,73.3,68.7,90.1,72.6,75,30
Dominican Republic,2016,61,25,N/A,32,84.5,90.2,N/A,56.6,56.5,73.1,77.2,75,40
Ecuador,2016,48.6,15,N/A,33,79.2,41.8,N/A,55.5,51.6,68.1,71.4,30,40
Egypt,2016,56,20,N/A,37,85.6,65.9,N/A,68.3,51.4,65.8,70.6,55,40
El Salvador ,2016,65.1,35,N/A,39,79.1,85.3,N/A,56,52.6,83.4,85.8,75,60
Equatorial Guinea,2016,43.7,10,N/A,19,75.4,45.6,N/A,45.6,38.4,78.9,53.8,40,30
Eritrea,2016,42.7,10,N/A,18,80.9,73.4,N/A,32.1,65.6,57.8,69.2,0,20
Estonia,2016,77.2,90,N/A,69,81.9,54.9,N/A,79,57.2,82.2,88,90,80
Eswatini,2016,59.7,40,N/A,43,70.9,64.9,N/A,58.6,65.8,74.5,88.8,50,40
Ethiopia,2016,51.5,30,N/A,33,77.2,90.5,N/A,55.8,57.7,66,65,20,20
Fiji,2016,58.8,30,N/A,22.3,81.2,75.3,N/A,62,70.6,77.6,68.8,50,50
Finland,2016,72.6,90,N/A,89,66.5,0.8,N/A,90.7,53.7,81.9,88,85,80
France,2016,62.3,80,N/A,69,47.7,2.5,N/A,78.4,43.5,79.1,83,70,70
Gabon,2016,59,40,N/A,37,77.6,74.5,N/A,58.4,61.9,78.4,61.8,60,40
Georgia,2016,72.6,40,N/A,52,87.6,75.3,N/A,86.5,75.7,80.5,88.6,80,60
Germany,2016,74.4,90,N/A,79,61.5,41.3,N/A,90,50.6,83.3,88,90,70
Ghana,2016,63,50,N/A,48,84.9,77.6,N/A,61.5,56.5,66.5,65,60,60
Greece,2016,53.2,40,N/A,43,64.4,0,N/A,73.8,50.2,77.7,83,60,40
Guatemala ,2016,61.8,20,N/A,32,79.1,94.3,N/A,62.5,50.9,77.9,86.4,65,50
Guinea,2016,53.3,20,N/A,25,68.5,81.2,N/A,51.4,71.8,69.2,61.2,45,40
Guinea-Bissau,2016,51.8,20,N/A,19,89.3,94.1,N/A,36.7,61.1,78.5,59.4,30,30
Guyana,2016,55.4,30,N/A,30,68.7,73.1,N/A,63,70.7,77.4,70.8,40,30
Haiti,2016,51.3,10,N/A,19,80.5,76.4,N/A,47.1,62,76,72,40,30
Honduras ,2016,57.7,30,N/A,29,84.2,72,N/A,58,31,74.8,78.4,60,60
Hong Kong,2016,88.6,90,N/A,74,92.6,90.7,N/A,97.4,89,81.8,90,90,90
Hungary ,2016,66,45,N/A,54,78.7,26.7,N/A,70.6,63.8,88.3,88,75,70
Iceland,2016,73.3,90,N/A,79,73.3,42.1,N/A,90.1,61.6,79.5,87.8,70,60
India,2016,56.2,55,N/A,38,77.1,78.1,N/A,47.6,47.8,72.8,71,35,40
Indonesia,2016,59.4,30,N/A,34,83.4,89,N/A,54,49.3,74.3,80.4,40,60
Iran,2016,43.5,10,N/A,27,81.2,93.2,N/A,59.3,49,50.6,54.6,0,10
Iraq,2016,N/A,N/A,N/A,16,N/A,29.7,N/A,63.2,68.5,75,N/A,N/A,N/A
Ireland,2016,77.3,90,N/A,74,73.6,50.3,N/A,79.6,72.1,85.5,88,90,70
Israel,2016,70.7,75,N/A,60,60.6,48.8,N/A,70.6,64.6,84.2,88.2,85,70
Italy,2016,61.2,50,N/A,43,55.8,22.1,N/A,70.3,53,84.5,88,85,60
Jamaica ,2016,67.5,40,N/A,38,81.7,78,N/A,81.3,72.7,77.5,75.4,80,50
Japan,2016,73.1,80,N/A,76,68.5,46.2,N/A,82.5,83.9,81.2,82.6,70,60
Jordan,2016,68.3,60,N/A,49,91.7,62,N/A,64.9,68.4,83.1,73.4,70,60
Kazakhstan,2016,63.6,30,N/A,29,93,87.7,N/A,72.3,82.7,74,77.4,40,50
Kenya,2016,57.5,30,N/A,25,79.4,80.8,N/A,48.6,62.2,73.5,65.6,60,50
Kiribati,2016,46.2,30,N/A,29.2,73.3,0,N/A,51.6,83.9,81,58.2,25,30
Kosovo,2016,61.4,30,N/A,33,93.6,76.8,N/A,69.3,66.3,78.9,70.8,65,30
Kuwait,2016,62.7,45,N/A,44,97.7,57.7,N/A,63.4,62.7,74.2,77.2,55,50
Kyrgyz Republic ,2016,59.6,20,N/A,27,93.7,56.3,N/A,65.3,80.4,68.4,75,60,50
Laos,2016,49.8,15,N/A,25,86.1,73.8,N/A,55.9,57.6,71.3,58.6,35,20
Latvia,2016,70.4,50,N/A,55,84.8,58.4,N/A,78.6,59.5,84.8,88,85,60
Lebanon,2016,59.5,20,N/A,27,91.3,75.7,N/A,59.1,57.3,79,75.8,60,50
Lesotho,2016,50.6,30,N/A,49,59.1,0,N/A,53.3,62.1,76.9,85.8,50,40
Liberia,2016,52.2,25,N/A,37,83.8,67.7,N/A,55.1,44.5,71,72.8,45,20
Libya,2016,N/A,10,N/A,18,95,0,N/A,55.5,63.1,74,N/A,5,N/A
Liechtenstein,2016,N/A,N/A,N/A,N/A,N/A,N/A,N/A,N/A,N/A,N/A,90,85,80
Lithuania,2016,75.2,65,N/A,58,92.9,63.8,N/A,80,60,84.6,88,80,80
Luxembourg,2016,73.9,90,N/A,82,61.1,43,N/A,73.7,42.6,83.2,88,95,80
Macau,2016,70.1,60,N/A,49.7,73.1,93.9,N/A,60,50,69.6,90,85,70
Madagascar,2016,61.1,45,N/A,28,91.1,93.4,N/A,52.9,48.5,74.5,77.2,50,50
Malawi,2016,51.8,40,N/A,33,79,27.1,N/A,44.5,63.4,53.6,72.4,55,50
Malaysia ,2016,71.5,55,N/A,52,85,74.3,N/A,91.4,71.5,84.5,81.4,60,60
Maldives,2016,53.9,25,N/A,21.9,94,60.8,N/A,81.5,70.4,73,47.8,35,30
Mali,2016,56.5,25,N/A,32,70.3,82.8,N/A,46.3,50.8,83,70.2,65,40
Malta,2016,66.7,70,N/A,55,63.9,46.5,N/A,61.6,53.5,83.5,88,85,60
Mauritania,2016,54.8,25,N/A,30,81.6,75.3,N/A,48.7,50.7,77.7,69,50,40
Mauritius,2016,74.7,60,N/A,54,92,81.5,N/A,77.5,65,78.7,88.6,80,70
Mexico,2016,65.2,50,N/A,35,74.9,76.4,N/A,70.7,58.2,77.4,79.2,70,60
Micronesia,2016,51.8,30,N/A,30,93.2,0,N/A,57.5,79.1,82.1,85.6,30,30
Moldova,2016,57.4,40,N/A,35,85.4,55.6,N/A,64.6,39.3,76,73.6,55,50
Mongolia,2016,59.4,30,N/A,39,84.4,51.5,N/A,67.7,77.9,68,70,45,60
Montenegro,2016,64.9,40,N/A,42,91.6,39.8,N/A,76.6,72,82.6,84.8,70,50
Morocco,2016,61.3,40,N/A,39,71.5,65.6,N/A,66.4,34.3,84.1,81.8,70,60
Mozambique ,2016,53.2,30,N/A,31,74.3,63.5,N/A,55.9,41.9,79.5,70.8,35,50
Namibia,2016,61.9,30,N/A,49,64.4,63.9,N/A,68.2,84.5,75.1,83.4,60,40
Nepal,2016,50.9,30,N/A,29,85.1,91.1,N/A,64.9,47.3,70.8,55.6,5,30
Netherlands,2016,74.6,90,N/A,83,52.7,34.4,N/A,80,64,83.4,88,90,80
New Zealand,2016,81.6,95,N/A,91,71,46,N/A,91.4,85.9,88.1,87.2,80,80
Nicaragua ,2016,58.6,10,N/A,28,78,82.8,N/A,61.2,55.7,69,86.2,65,50
Niger,2016,54.3,30,N/A,35,76.3,76.8,N/A,39.6,42.3,83,64.6,55,40
Nigeria,2016,57.5,30,N/A,27,85.1,94.6,N/A,48.7,72.9,71.5,64.8,40,40
North Korea,2016,2.3,5,N/A,8,0,0,N/A,5,5,0,0,0,0
North Macedonia,2016,67.5,35,N/A,45,92.1,69.6,N/A,76.4,66.7,83.5,86.4,60,60
Norway,2016,70.8,90,N/A,86,53.2,41.8,N/A,89.6,48.5,76.2,87.8,75,60
Oman,2016,67.1,55,N/A,45,98.5,36.8,N/A,70.1,72.5,77.9,85,70,60
Pakistan ,2016,55.9,30,N/A,29,79,86.2,N/A,61.2,42.1,71.5,65,55,40
Panama ,2016,64.8,30,N/A,37,84.4,77.9,N/A,74.4,42.9,78.6,77.8,75,70
Papua New Guinea,2016,53.2,20,N/A,25,67.3,76.2,N/A,59.9,71.9,70.6,85.6,25,30
Paraguay ,2016,61.5,30,N/A,24,96.3,83.3,N/A,62.6,30.4,76.8,76.2,75,60
Peru,2016,67.4,40,N/A,38,78.5,86.1,N/A,67.8,62.9,83.7,87,70,60
Philippines,2016,63.1,30,N/A,38,79,89.6,N/A,63,57.1,77.7,76.4,60,60
Poland,2016,69.3,65,N/A,61,75.5,46.5,N/A,68.7,58,85.2,88,75,70
Portugal,2016,65.1,70,N/A,63,60.5,24.8,N/A,85.3,43.5,85.7,88,70,60
Qatar,2016,70.7,65,N/A,69,99.7,70.4,N/A,71.4,70.7,74.1,81.8,45,60
Republic of Congo ,2016,42.8,10,N/A,23,66.9,55.8,N/A,35.9,38.8,75.6,52,40,30
Romania,2016,65.6,35,N/A,43,87.5,65.6,N/A,66.1,65.1,81.1,88,75,50
Russia,2016,50.6,20,N/A,27,82.2,56.2,N/A,72.2,57.6,62.9,72.4,25,30
Rwanda,2016,63.1,30,N/A,49,80.1,77.1,N/A,60.5,82,79.4,67.6,65,40
Saint Lucia,2016,70,70,N/A,71,76.9,70.6,N/A,77.6,76.2,80.3,72,65,40
Saint Vincent and the Grenadines,2016,68.8,70,N/A,67,73.8,69.7,N/A,77.6,74.5,85.3,65.4,65,40
Samoa,2016,63.5,60,N/A,52,78.9,57.5,N/A,77.1,71.8,82.5,70.6,55,30
São Tomé and Príncipe ,2016,56.7,25,N/A,42,87.4,70.1,N/A,65.9,46.1,67.6,73,60,30
Saudi Arabia,2016,62.1,40,N/A,49,99.7,56.8,N/A,69.9,68.5,69.2,77.8,40,50
Senegal,2016,58.1,40,N/A,43,71.6,76.1,N/A,49.1,42.4,84.9,73.8,60,40
Serbia ,2016,62.1,50,N/A,41,84.3,44.1,N/A,60.2,66.2,77.5,77.8,70,50
Seychelles,2016,62.2,50,N/A,55,79.3,62,N/A,66,62.1,79.7,83.4,55,30
Sierra Leone,2016,52.3,10,N/A,31,81.2,92.6,N/A,49.9,43.2,70.8,69.4,55,20
Singapore,2016,87.8,90,N/A,84,91.2,90.1,N/A,95,90.7,81.8,90,85,80
Slovakia,2016,66.6,50,N/A,50,80.1,49.5,N/A,68.4,55,79.5,88,75,70
Slovenia,2016,60.6,60,N/A,58,58.6,0,N/A,82,55.4,84.3,88,70,50
Solomon Islands,2016,47,30,N/A,25,61.4,25.2,N/A,68.5,66.2,75.5,73,15,30
Somalia,2016,N/A,N/A,N/A,8,N/A,N/A,N/A,N/A,N/A,N/A,N/A,N/A,N/A
South Africa,2016,61.9,50,N/A,44,70.1,69.9,N/A,69.7,58.7,74.6,77,45,60
South Korea,2016,71.7,70,N/A,55,73.8,69.7,N/A,91.1,50.6,82.6,74.6,70,80
Spain,2016,68.5,70,N/A,60,58.3,41.1,N/A,76,51.7,84.7,88,85,70
Sri Lanka,2016,59.9,40,N/A,38,85.1,90,N/A,70.3,56.5,71.5,72.4,35,40
Sudan,2016,N/A,N/A,N/A,11,86.4,94.8,N/A,48.8,43.5,46.7,50.6,10,N/A
Suriname,2016,53.8,30,N/A,36,69.4,70.3,N/A,48.8,76.3,78.7,68.4,30,30
Sweden,2016,72,90,N/A,87,44.4,14.9,N/A,89.7,53.5,87.1,88,85,80
Switzerland,2016,81,90,N/A,86,70.9,66.3,N/A,82.2,72.1,87.8,90,85,80
Syria,2016,N/A,10,N/A,20,N/A,N/A,N/A,62.4,46.9,42.7,56.6,0,20
Taiwan,2016,74.7,70,N/A,61,76.1,88.7,N/A,93.2,53.8,83.2,86.4,75,60
Tajikistan,2016,51.3,20,N/A,23,91.6,76.9,N/A,61.1,47.3,69.8,68.6,25,30
Tanzania,2016,58.5,25,N/A,31,79.2,88.4,N/A,47.5,62.6,67.7,73.2,60,50
Thailand ,2016,63.9,40,N/A,38,81.1,82.2,N/A,76.3,62.5,70.9,77.6,50,60
The Bahamas,2016,70.9,70,N/A,71,97.9,84.3,N/A,70.7,72.8,78.5,64,40,60
The Gambia,2016,57.1,25,N/A,29,75.5,78,N/A,53.4,65.8,64.7,65,65,50
Timor-Leste,2016,45.8,20,N/A,28,64.7,0,N/A,68,66,70.9,80,40,20
Togo,2016,53.6,30,N/A,29,68.7,80.4,N/A,51.4,46.2,79.5,71.2,50,30
Tonga,2016,59.6,25,N/A,28.6,86.9,76.3,N/A,76.4,86.1,77.4,79.6,40,20
Trinidad and Tobago,2016,62.9,50,N/A,38,79.4,62.3,N/A,69.5,72.8,68.5,78.6,60,50
Tunisia,2016,57.6,40,N/A,40,74,73.4,N/A,81.3,64,75.6,62.2,35,30
Turkey,2016,62.1,40,N/A,45,75.2,55.6,N/A,65.4,48.6,71.5,84.4,75,60
Turkmenistan,2016,41.9,5,N/A,17,95.3,92.2,N/A,30,20,69.4,80,0,10
Uganda,2016,59.3,25,N/A,26,73.2,91.5,N/A,40.3,83.7,80.1,72.8,60,40
Ukraine,2016,46.8,25,N/A,26,78.6,30.6,N/A,56.8,47.9,66.9,85.8,20,30
United Arab Emirates,2016,72.6,55,N/A,70,95,76.1,N/A,79.6,80.7,81.3,82.8,45,60
United Kingdom,2016,76.4,90,N/A,78,64.9,39,N/A,86,71.8,76.4,88,90,80
United States,2016,75.4,80,N/A,74,65.6,54.7,N/A,84.7,91.4,77,87,70,70
Uruguay ,2016,68.8,70,N/A,73,77.2,67.6,N/A,75.3,62.5,71.3,80.6,80,30
Uzbekistan,2016,46,15,N/A,18,90.4,66.6,N/A,67.1,61.9,65.6,65.6,0,10
Vanuatu,2016,60.8,40,N/A,33.5,97,86.1,N/A,51.8,47.7,78.3,74,60,40
Venezuela ,2016,33.7,5,N/A,19,74.9,56.7,N/A,45.3,29.5,33.8,63.2,0,10
Vietnam,2016,54,15,N/A,31,79.3,75.1,N/A,58.3,62.6,70.6,83,25,40
Yemen,2016,N/A,30,N/A,19,N/A,N/A,N/A,51.9,54.4,71,N/A,N/A,30
Zambia,2016,58.8,30,N/A,38,73.3,81.1,N/A,66.4,48.3,72.6,78.2,50,50
Zimbabwe,2016,38.2,10,N/A,21,60.8,73.6,N/A,37.6,30,79.1,50.2,10,10
Afghanistan,2015,N/A,N/A,N/A,8,91.7,81.2,N/A,61.4,67.5,72.6,N/A,55,N/A
Albania,2015,65.7,30,N/A,31,87.2,76.1,N/A,70.6,52.9,80.8,87.8,70,70
Algeria,2015,48.9,30,N/A,36,80,38.7,N/A,66.6,50.5,71.2,60.8,25,30
Angola,2015,47.9,15,N/A,23,84.5,50.1,N/A,47.4,43.2,65.4,70.2,40,40
Argentina,2015,44.1,15,N/A,34,66.8,41.2,N/A,52.8,43.3,59.6,68.8,30,30
Armenia,2015,67.1,20,N/A,36,84.4,82.8,N/A,82.7,64.3,70.6,85.4,75,70
Australia,2015,81.4,90,N/A,81,63.7,61.8,N/A,94.1,81.6,85.3,86.4,80,90
Austria,2015,71.2,90,N/A,69,50.1,19.8,N/A,78,76.7,80.3,88,90,70
Azerbaijan,2015,61,20,N/A,28,88.1,59.7,N/A,74.5,79.1,79.8,76,55,50
Bahrain,2015,73.4,60,N/A,48,99.9,73.1,N/A,72.5,83.1,74.2,78.6,65,80
Bangladesh ,2015,53.9,20,N/A,27,72.7,92,N/A,62.2,63.7,67.7,59,45,30
Barbados,2015,67.9,80,N/A,75,73.8,42.1,N/A,71.6,69.2,78.2,63.8,65,60
Belarus,2015,49.8,20,N/A,29,86.4,54.7,N/A,72,80.1,44.5,81,20,10
Belgium,2015,68.8,80,N/A,75,43.6,10.2,N/A,90.7,63.7,81.7,88,85,70
Belize,2015,56.8,30,N/A,6.7,82.4,78.3,N/A,59.1,61.8,79.3,70.4,50,50
Benin,2015,58.8,30,N/A,36,68.3,86.7,N/A,55.2,53.2,79.9,58.4,70,50
Bhutan,2015,57.4,60,N/A,63,82.6,60.1,N/A,61.9,81.1,66,49.4,20,30
Bolivia,2015,46.8,10,N/A,34,86.8,60.9,N/A,53.7,25.5,69.7,77.6,10,40
Bosnia and Herzegovina,2015,59,20,N/A,42,82.9,27.3,N/A,53.5,63.4,84,87.2,70,60
Botswana,2015,69.8,70,N/A,64,79.5,61.9,N/A,66.8,70,73.9,72.2,70,70
Brazil,2015,56.6,50,N/A,42,68.4,50.9,N/A,53.6,52.1,69.4,69.6,50,60
Brunei Darussalam,2015,68.9,35,N/A,60,87,63.6,N/A,68.3,96.9,76.6,81.8,70,50
Bulgaria,2015,66.8,30,N/A,41,91,64.5,N/A,68.5,76.6,83.2,88,65,60
Burkina Faso,2015,58.6,25,N/A,38,82.4,79.8,N/A,49.6,57.8,80,68.2,65,40
Burma,2015,46.9,10,N/A,21,86.9,77.9,N/A,28.7,79.3,66.1,74.2,15,10
Burundi,2015,53.7,20,N/A,21,73.5,61.3,N/A,61.4,68.1,69.8,72.2,60,30
Cabo Verde,2015,66.4,75,N/A,58,78.3,67.9,N/A,61.8,42.1,81,69.6,70,60
Cambodia,2015,57.5,25,N/A,20,90.5,87.5,N/A,29.2,62.2,78.7,72.2,60,50
Cameroon,2015,51.9,25,N/A,25,71.7,87.8,N/A,41.6,47.8,75.6,59.6,35,50
Canada,2015,79.1,90,N/A,81,79.9,48.3,N/A,89,76.1,77.9,88.4,80,80
Central African Republic,2015,45.9,15,N/A,25,65,92,N/A,27.2,37.5,69.6,52.4,45,30
Chad,2015,45.9,20,N/A,19,46.2,83.6,N/A,27.1,47.7,75.6,55.2,45,40
Chile,2015,78.5,90,N/A,71,76.5,83.3,N/A,69.3,67,85.6,82,90,70
China,2015,52.7,20,N/A,40,69.7,81.5,N/A,52.1,63,74.2,71.8,25,30
Colombia,2015,71.7,50,N/A,36,80.3,76,N/A,81.5,81.7,80.1,81.2,80,70
Comoros,2015,52.1,30,N/A,28,64.5,78.8,N/A,47.3,52,77.9,73,40,30
Costa Rica ,2015,67.2,50,N/A,53,80,89.9,N/A,64.5,54.6,75.8,83.8,70,50
Côte d'Ivoire ,2015,58.5,35,N/A,27,77.7,82.4,N/A,65.4,46,75,71.4,55,50
Croatia,2015,61.5,40,N/A,48,74.9,46.5,N/A,55.8,42.8,80,87.2,80,60
Cuba,2015,29.6,10,N/A,46,61.8,0,N/A,20,20,64.8,63.8,0,10
Cyprus,2015,67.9,70,N/A,63,79.5,36.7,N/A,79.5,59.6,82.7,88,70,50
Czech Republic,2015,72.5,75,N/A,48,81.5,40.6,N/A,68.2,82.9,81.2,88,80,80
Democratic Republic of Congo,2015,45,10,N/A,22,72.9,85.7,N/A,42.8,38.4,75.1,63,20,20
Denmark,2015,76.3,95,N/A,91,39.6,1.8,N/A,97.4,92.1,87.6,88,90,80
Djibouti,2015,57.5,25,N/A,36,81.2,57.1,N/A,55.4,66.6,78.9,54.8,70,50
Dominica,2015,66.1,60,N/A,58,73.6,61.5,N/A,71.6,68.7,89.5,72.8,75,30
Dominican Republic,2015,61,30,N/A,29,84.1,87.1,N/A,53.5,57.5,76,77.8,75,40
Ecuador,2015,49.2,15,N/A,35,79.1,51,N/A,51.4,51.3,68.2,71.4,30,40
Egypt,2015,55.2,20,N/A,32,85.8,68,N/A,65.4,53.6,67.4,70,50,40
El Salvador ,2015,65.7,35,N/A,38,79.4,85.5,N/A,53.3,53.3,82.5,85.2,75,70
Equatorial Guinea,2015,40.4,10,N/A,19,75.4,31.4,N/A,37.5,33.5,78.3,53.8,35,30
Eritrea,2015,38.9,10,N/A,20,57,71.8,N/A,18.2,65.5,57.8,69.2,0,20
Estonia,2015,76.8,90,N/A,68,80.6,53.2,N/A,81.5,58.7,77.6,88,90,80
Eswatini,2015,59.9,40,N/A,39,76.4,68.6,N/A,60.5,69.3,73.9,76,55,40
Ethiopia,2015,51.5,30,N/A,33,77.4,91.4,N/A,55.9,56.4,66.1,64.4,20,20
Fiji,2015,59,25,N/A,22.3,81.3,74.6,N/A,63.2,75.2,78.3,70.2,50,50
Finland,2015,73.4,90,N/A,89,66.4,3.6,N/A,92.6,54.8,79.9,88,90,80
France,2015,62.5,80,N/A,71,47.5,2.5,N/A,80.2,43.5,77.5,83,70,70
Gabon,2015,58.3,40,N/A,34,77.5,74.6,N/A,57.9,64.3,78.4,61,55,40
Georgia,2015,73,40,N/A,49,87.2,73.8,N/A,88.6,79.9,82.7,88.6,80,60
Germany,2015,73.8,90,N/A,78,60.8,40.1,N/A,88.2,51.2,81.5,88,90,70
Ghana,2015,63,50,N/A,46,84.6,70.8,N/A,62.5,56.9,69.2,64.8,65,60
Greece,2015,54,40,N/A,40,64.2,0,N/A,73.3,51.6,77.8,83,60,50
Guatemala ,2015,60.4,20,N/A,29,79.6,94.1,N/A,54.7,50.6,76.8,84.6,65,50
Guinea,2015,52.1,15,N/A,24,68.1,79.5,N/A,51.6,74.4,66.7,61.2,40,40
Guinea-Bissau,2015,52,20,N/A,19,89.1,88,N/A,39.6,61.7,77.5,65.4,30,30
Guyana,2015,55.5,25,N/A,27,68.7,70.8,N/A,63.8,74.5,78.4,72,45,30
Haiti,2015,51.3,10,N/A,19,80.3,76.2,N/A,43.1,63.7,73.5,77.6,40,30
Honduras ,2015,57.4,30,N/A,26,84.9,78.7,N/A,53.2,28,75.4,77.6,60,60
Hong Kong,2015,89.6,90,N/A,75,93.2,89.7,N/A,100,95.9,81.8,90,90,90
Hungary ,2015,66.8,55,N/A,54,78.7,25.9,N/A,74.5,67.7,79.2,88,75,70
Iceland,2015,72,90,N/A,78,72,32.6,N/A,90.5,62.2,77,88,70,60
India,2015,54.6,55,N/A,36,79.4,78.3,N/A,43.3,48.7,65.3,64.6,35,40
Indonesia,2015,58.1,30,N/A,32,83.3,88.3,N/A,49.3,48.7,74.9,74.8,40,60
Iran,2015,41.8,10,N/A,25,81.2,93,N/A,57,51.3,48.7,41.4,0,10
Iraq,2015,N/A,N/A,N/A,16,N/A,43.8,N/A,57.7,74.4,73.6,N/A,N/A,N/A
Ireland,2015,76.6,85,N/A,72,73.6,45.6,N/A,82.1,76.2,83.9,88,90,70
Israel,2015,70.5,75,N/A,61,61.9,47.8,N/A,72.4,67.1,81.6,88.6,80,70
Italy,2015,61.7,55,N/A,43,54.2,23.2,N/A,71.9,55.4,81.2,88,85,60
Jamaica ,2015,67.7,40,N/A,38,81.5,73.2,N/A,85.9,76.5,71.4,75,85,50
Japan,2015,73.3,80,N/A,74,68.7,47.1,N/A,84.1,90.2,86.7,82.6,70,50
Jordan,2015,69.3,60,N/A,45,93.7,70.7,N/A,59.1,74.4,80.6,79.6,70,60
Kazakhstan,2015,63.3,25,N/A,26,93.2,85,N/A,73.7,87,74.6,79,40,50
Kenya,2015,55.6,30,N/A,27,78,72.1,N/A,47.9,63.8,72.8,64,50,50
Kiribati,2015,46.4,30,N/A,29.2,73,0,N/A,56.8,83.9,80.6,55.4,25,30
Kosovo,2015,N/A,30,N/A,33,N/A,73.9,N/A,66.8,72.1,74.9,N/A,65,N/A
Kuwait,2015,62.5,45,N/A,43,97.7,61.1,N/A,58.6,64.2,74,76.2,55,50
Kyrgyz Republic ,2015,61.3,20,N/A,24,93.6,53.2,N/A,73.7,85,73.8,80.2,60,50
Laos,2015,51.4,15,N/A,26,86.2,86.8,N/A,59.5,57.1,74.5,58.6,30,20
Latvia,2015,69.7,50,N/A,53,84.4,59.2,N/A,82.1,61.5,83.8,88,85,50
Lebanon,2015,59.3,20,N/A,28,91.3,70.6,N/A,54.7,60.7,72,75.8,60,60
Lesotho,2015,49.6,35,N/A,49,68.5,0,N/A,54.7,63.9,75.2,64.6,45,40
Liberia,2015,52.7,25,N/A,38,83,69.9,N/A,60.1,43.9,72.7,74.4,40,20
Libya,2015,N/A,10,N/A,15,95,37.5,N/A,46.8,66.7,71.4,80,5,N/A
Liechtenstein,2015,N/A,N/A,N/A,N/A,N/A,N/A,N/A,N/A,N/A,N/A,90,85,80
Lithuania,2015,74.7,60,N/A,57,92.9,61.3,N/A,84.9,62,81.2,88,80,80
Luxembourg,2015,73.2,90,N/A,80,62.3,42.2,N/A,71.3,42.1,80.7,88,95,80
Macau,2015,70.3,60,N/A,49.7,71.8,91.8,N/A,60,50,74.9,90,85,70
Madagascar,2015,61.7,45,N/A,28,90.9,94.7,N/A,62.3,45.1,79.2,71.8,50,50
Malawi,2015,54.8,40,N/A,37,78.5,49,N/A,49.1,63.1,53.8,72.2,55,50
Malaysia ,2015,70.8,55,N/A,50,84.4,74,N/A,93.5,75.7,80.8,80,55,60
Maldives,2015,53.4,25,N/A,21.9,95.5,50.6,N/A,85.8,73.4,74.1,47.8,30,30
Mali,2015,56.4,25,N/A,28,69.6,89.2,N/A,47.2,50.7,81.1,73.2,60,40
Malta,2015,66.5,75,N/A,56,63.1,44.4,N/A,61,55.6,81.8,88,80,60
Mauritania,2015,53.3,25,N/A,30,80.2,59.8,N/A,50.5,52.1,76.6,69,50,40
Mauritius,2015,76.4,65,N/A,52,91.9,87.4,N/A,78,68.2,77.6,88.4,85,70
Mexico,2015,66.4,50,N/A,34,77.8,78,N/A,71.5,59.9,77.6,85.6,70,60
Micronesia,2015,49.6,30,N/A,30,93.2,0,N/A,51,79.1,76.9,81,25,30
Moldova,2015,57.5,40,N/A,35,85.1,51.8,N/A,66.8,40.6,76.1,79.8,50,50
Mongolia,2015,59.2,30,N/A,38,83.9,35.6,N/A,68.2,82.7,69.2,74.8,50,60
Montenegro,2015,64.7,40,N/A,44,92.6,36.7,N/A,77.1,77.5,79.7,84.8,65,50
Morocco,2015,60.1,40,N/A,37,70.9,61,N/A,68.8,33.4,81.9,78.2,70,60
Mozambique ,2015,54.8,30,N/A,30,75.2,66.5,N/A,60.9,37.9,82,75.4,40,50
Namibia,2015,59.6,30,N/A,48,66.7,56,N/A,64.3,90.9,74.3,71.2,55,40
Nepal,2015,51.3,30,N/A,31,85.6,88.9,N/A,65.7,44.3,70.5,61.8,5,30
Netherlands,2015,73.7,90,N/A,83,51.8,23.8,N/A,84.3,66.3,79.8,88,90,80
New Zealand,2015,82.1,95,N/A,91,70.4,43,N/A,95.5,91.4,87.6,86.8,80,80
Nicaragua ,2015,57.6,10,N/A,28,78.4,76.6,N/A,58,56.7,67.8,85.4,65,50
Niger,2015,54.6,30,N/A,34,76.6,83.6,N/A,39.2,40.9,81.3,65.6,55,40
Nigeria,2015,55.6,30,N/A,25,85.2,76.1,N/A,48.3,77.7,70.4,63.8,40,40
North Korea,2015,1.3,5,N/A,8,0,0,N/A,0,0,0,0,0,0
North Macedonia,2015,67.1,35,N/A,44,91.4,65.6,N/A,79.2,70.7,79,86.2,60,60
Norway,2015,71.8,90,N/A,86,52.1,43.8,N/A,92.1,48.2,81.7,89.4,75,60
Oman,2015,66.7,55,N/A,47,98.5,44.2,N/A,68.4,76.1,76.2,76.8,65,60
Pakistan ,2015,55.6,30,N/A,28,77.7,86.1,N/A,65.6,42.1,71.2,65.6,50,40
Panama ,2015,64.1,30,N/A,35,84.5,78.8,N/A,71.5,41.5,76.4,78.4,75,70
Papua New Guinea,2015,53.1,20,N/A,25,66.9,68.7,N/A,53.5,74.5,72.7,85,35,30
Paraguay ,2015,61.1,30,N/A,24,96,81.9,N/A,58.4,26.3,78.3,81.4,75,60
Peru,2015,67.7,40,N/A,38,78.6,88.5,N/A,67.7,63.4,83.9,87,70,60
Philippines,2015,62.2,30,N/A,36,79.1,89.3,N/A,55.3,58.2,78.8,75.4,60,60
Poland,2015,68.6,60,N/A,60,82.1,47.1,N/A,67.3,60.4,81.3,88,70,70
Portugal,2015,65.3,70,N/A,62,61.1,28.8,N/A,87.5,42.9,82.8,88,70,60
Qatar,2015,70.8,70,N/A,68,99.7,71.9,N/A,70.5,71.2,79.7,81.8,45,50
Republic of Congo ,2015,42.7,10,N/A,22,67.4,60.7,N/A,36.8,36,71.6,62.4,30,30
Romania,2015,66.6,40,N/A,43,86.9,62.3,N/A,69.8,68.6,77.3,88,80,50
Russia,2015,52.1,20,N/A,28,86.1,57.8,N/A,76.3,58.9,63.9,75,25,30
Rwanda,2015,64.8,30,N/A,53,80.2,79.2,N/A,59.5,84.5,76,80.8,65,40
Saint Lucia,2015,70.2,70,N/A,71,77.7,65.8,N/A,75.6,79.8,85.5,72,65,40
Saint Vincent and the Grenadines,2015,68,70,N/A,62,73.3,75.3,N/A,70.8,78.2,82.3,68.4,60,40
Samoa,2015,61.9,60,N/A,38,80.2,46.5,N/A,73.6,78.4,81.2,75.8,55,30
São Tomé and Príncipe ,2015,53.3,25,N/A,42,87.8,41.4,N/A,65.1,45.8,70.7,75.2,50,30
Saudi Arabia,2015,62.1,40,N/A,46,99.7,61.9,N/A,65.8,72.7,68.4,76.4,40,50
Senegal,2015,57.8,40,N/A,41,71.3,74.6,N/A,54.6,39.5,83,74,60,40
Serbia ,2015,60,45,N/A,42,82.4,27.1,N/A,57.8,70.4,72.2,78.2,75,50
Seychelles,2015,57.5,50,N/A,54,79.8,59.4,N/A,67.7,63.9,76,44,50,30
Sierra Leone,2015,51.7,10,N/A,30,80.8,87.5,N/A,53.4,41.6,68.5,70.2,55,20
Singapore,2015,89.4,90,N/A,86,91.2,93.8,N/A,96.9,96.9,83.7,90,85,80
Slovakia,2015,67.2,50,N/A,47,80.8,55.1,N/A,69.6,56.5,75.5,88,80,70
Slovenia,2015,60.3,60,N/A,57,58.1,0,N/A,81.2,57.1,81.3,88,70,50
Solomon Islands,2015,47,30,N/A,25,61.1,25.7,N/A,67.7,68.6,74.3,73,15,30
Somalia,2015,N/A,N/A,N/A,8,N/A,N/A,N/A,N/A,N/A,N/A,N/A,N/A,N/A
South Africa,2015,62.6,50,N/A,42,69.5,68.2,N/A,73,61.6,74.9,76.6,50,60
South Korea,2015,71.5,75,N/A,55,72.5,67.9,N/A,89.7,51.1,81.6,72.6,70,80
Spain,2015,67.6,70,N/A,59,53.1,39.8,N/A,77.5,52.6,81.3,88,85,70
Sri Lanka,2015,58.6,35,N/A,37,85,88.4,N/A,72.5,58.7,68.2,71.6,30,40
Sudan,2015,N/A,N/A,N/A,11,86.4,94.5,N/A,49,43.8,52.8,55.6,15,N/A
Suriname,2015,54.2,35,N/A,36,69.3,73.8,N/A,42.2,81.9,77.2,66.2,30,30
Sweden,2015,72.7,90,N/A,89,43,19.2,N/A,87.9,54,85.5,88,90,80
Switzerland,2015,80.5,90,N/A,85,70.3,65.1,N/A,78.1,75.3,86.3,90,85,80
Syria,2015,N/A,10,N/A,17,N/A,N/A,N/A,57.3,49.1,N/A,N/A,0,20
Taiwan,2015,75.1,70,N/A,61,80.4,87.1,N/A,92.4,55.2,83.3,86.4,75,60
Tajikistan,2015,52.7,20,N/A,22,92.1,81.9,N/A,65.4,46.4,69.6,74.6,25,30
Tanzania,2015,57.5,30,N/A,33,79.9,79.3,N/A,45,61.4,69.7,67,60,50
Thailand ,2015,62.4,40,N/A,35,81.5,81.4,N/A,72.5,63.5,69.9,75.4,45,60
The Bahamas,2015,68.7,70,N/A,71,97.8,83.2,N/A,68.9,75.3,78.8,52.2,30,60
The Gambia,2015,57.5,25,N/A,28,75.4,73.4,N/A,55.7,66.7,70.8,65,65,50
Timor-Leste,2015,45.5,20,N/A,30,64.7,0,N/A,59.8,72,68.7,79.6,40,20
Togo,2015,53,30,N/A,29,69.7,78.1,N/A,51.9,43.4,80.4,67.8,50,30
Tonga,2015,59.3,20,N/A,28.6,87.2,79,N/A,74.1,92.1,73.5,78.4,40,20
Trinidad and Tobago,2015,64.1,50,N/A,38,79,69.3,N/A,65.3,76.6,74.3,78.6,60,50
Tunisia,2015,57.7,40,N/A,41,74.3,70.8,N/A,81.2,69.1,74.8,61.2,35,30
Turkey,2015,63.2,45,N/A,50,76.1,57.6,N/A,61,50.2,72.4,84.6,75,60
Turkmenistan,2015,41.4,5,N/A,17,94,93.5,N/A,30,20,64.2,80,0,10
Uganda,2015,59.7,25,N/A,26,73.3,89,N/A,43.3,87.5,76.3,76.6,60,40
Ukraine,2015,46.9,20,N/A,25,78.7,28,N/A,59.3,48.2,78.6,85.8,15,30
United Arab Emirates,2015,72.4,55,N/A,69,99.5,85.8,N/A,74.7,83.8,83.8,82.4,40,50
United Kingdom,2015,75.8,90,N/A,76,62.9,30.3,N/A,91.1,75.6,74.4,88,90,80
United States,2015,76.2,80,N/A,73,66.2,51.8,N/A,88.8,98.5,76.6,87,70,70
Uruguay ,2015,68.6,70,N/A,73,77.1,65.1,N/A,72.6,64.3,71.6,81.8,80,30
Uzbekistan,2015,47,15,N/A,17,90.2,67.3,N/A,73.1,64.2,63.5,69.8,0,10
Vanuatu,2015,61.1,40,N/A,33.5,97.2,83.8,N/A,51.5,46.4,82.9,75.4,60,40
Venezuela ,2015,34.3,5,N/A,20,75,52,N/A,41.6,24.2,42.8,62.8,0,20
Vietnam,2015,51.7,15,N/A,31,79.1,77.1,N/A,61.5,62.9,66.8,78.6,15,30
Yemen,2015,53.7,30,N/A,18,91.5,59.9,N/A,54,57.1,68.5,77.6,50,30
Zambia,2015,58.7,30,N/A,38,71.9,78,N/A,68.2,46,73.2,76.8,55,50
Zimbabwe,2015,37.6,10,N/A,21,66.6,74.2,N/A,37.1,23.7,75.4,58.4,0,10
